producto_id,bodega,existencia
201471,CENTRAL,329
203576,CENTRAL,453
200693,BODEGA ZONA 12,58
201119,SUCURSAL NORTE,114
202520,SUCURSAL NORTE,403
202228,BODEGA ZONA 12,-1
203016,SUCURSAL SUR,183
203060,BODEGA ZONA 12,486
200394,SUCURSAL NORTE,354
203791,BODEGA ZONA 12,248
203848,BODEGA ZONA 12,377
203228,SUCURSAL NORTE,469
201064,BODEGA MIXCO,128
203482,SUCURSAL SUR,107
202780,BODEGA ZONA 12,110
202696,BODEGA MIXCO,79
200764,BODEGA MIXCO,0
200809,SUCURSAL NORTE,19
203491,BODEGA ZONA 12,335
202201,CENTRAL,156
201990,SUCURSAL NORTE,450
200347,SUCURSAL NORTE,94
204016,BODEGA MIXCO,233
201377,SUCURSAL NORTE,182
202677,BODEGA MIXCO,359
201581,SUCURSAL NORTE,156
202635,BODEGA MIXCO,293
202745,CENTRAL,174
203178,SUCURSAL SUR,401
203925,SUCURSAL NORTE,279
201706,CENTRAL,5
201028,CENTRAL,103
200963,BODEGA ZONA 12,226
200955,CENTRAL,96
201600,SUCURSAL SUR,353
201865,CENTRAL,272
203813,SUCURSAL NORTE,439
201124,BODEGA MIXCO,305
200945,SUCURSAL SUR,150
203964,BODEGA ZONA 12,205
201061,CENTRAL,437
201354,BODEGA ZONA 12,362
202469,SUCURSAL NORTE,69
203049,BODEGA ZONA 12,195
200163,CENTRAL,441
200404,CENTRAL,326
203868,CENTRAL,429
202876,CENTRAL,183
203010,BODEGA ZONA 12,247
202030,SUCURSAL NORTE,182
201472,SUCURSAL SUR,450
201660,BODEGA ZONA 12,33
200027,CENTRAL,-1
200720,CENTRAL,66
202315,CENTRAL,168
202341,SUCURSAL NORTE,284
200926,SUCURSAL NORTE,124
202718,CENTRAL,133
200429,BODEGA MIXCO,386
203721,SUCURSAL SUR,323
201446,SUCURSAL NORTE,109
202260,CENTRAL,485
202534,BODEGA MIXCO,438
202798,BODEGA ZONA 12,27
203544,BODEGA ZONA 12,489
202151,SUCURSAL SUR,110
203192,SUCURSAL NORTE,267
202269,BODEGA MIXCO,209
203011,CENTRAL,340
203477,CENTRAL,289
202577,CENTRAL,202
200180,SUCURSAL NORTE,3
201942,CENTRAL,273
200555,SUCURSAL SUR,432
201283,SUCURSAL SUR,359
201188,SUCURSAL SUR,96
202314,SUCURSAL SUR,295
202115,SUCURSAL SUR,316
200352,BODEGA ZONA 12,28
201564,BODEGA ZONA 12,31
201693,BODEGA ZONA 12,38
201073,BODEGA MIXCO,449
200105,SUCURSAL NORTE,340
203571,BODEGA ZONA 12,210
203621,CENTRAL,236
202525,CENTRAL,110
204084,BODEGA MIXCO,362
200743,SUCURSAL SUR,106
200536,BODEGA MIXCO,245
201531,SUCURSAL NORTE,383
201248,SUCURSAL NORTE,84
202514,SUCURSAL NORTE,102
202926,BODEGA MIXCO,444
200810,SUCURSAL NORTE,240
200831,BODEGA ZONA 12,490
203347,SUCURSAL NORTE,407
203706,BODEGA ZONA 12,56
201272,BODEGA MIXCO,410
201003,BODEGA MIXCO,400
200814,SUCURSAL SUR,98
203830,BODEGA MIXCO,237
203588,BODEGA ZONA 12,432
203498,BODEGA ZONA 12,206
203947,SUCURSAL SUR,92
201601,SUCURSAL SUR,367
200121,CENTRAL,114
203411,SUCURSAL NORTE,213
203424,BODEGA MIXCO,184
201353,BODEGA MIXCO,248
203682,BODEGA MIXCO,34
200165,CENTRAL,91
201989,BODEGA MIXCO,264
200969,SUCURSAL SUR,282
202311,BODEGA ZONA 12,382
202090,CENTRAL,368
202161,CENTRAL,20
202684,SUCURSAL SUR,450
203746,BODEGA ZONA 12,36
203738,BODEGA MIXCO,387
200218,CENTRAL,212
202335,BODEGA MIXCO,499
201128,BODEGA ZONA 12,196
202452,CENTRAL,498
203941,CENTRAL,499
204097,SUCURSAL NORTE,487
200956,BODEGA MIXCO,174
200089,BODEGA ZONA 12,310
202969,SUCURSAL NORTE,491
200399,SUCURSAL NORTE,75
203193,BODEGA MIXCO,465
202383,SUCURSAL SUR,12
200005,SUCURSAL NORTE,482
204081,SUCURSAL SUR,60
201095,BODEGA MIXCO,265
200941,SUCURSAL NORTE,174
201998,BODEGA MIXCO,273
201689,BODEGA MIXCO,470
200551,BODEGA MIXCO,351
203337,BODEGA ZONA 12,290
201489,BODEGA MIXCO,151
203212,BODEGA ZONA 12,458
200640,SUCURSAL SUR,337
203143,SUCURSAL NORTE,387
200836,SUCURSAL NORTE,134
201015,BODEGA ZONA 12,300
203232,BODEGA MIXCO,54
203023,SUCURSAL NORTE,120
203428,BODEGA MIXCO,-1
202508,BODEGA MIXCO,301
200265,BODEGA MIXCO,83
202548,BODEGA MIXCO,496
201069,CENTRAL,444
202787,SUCURSAL NORTE,75
203490,SUCURSAL NORTE,147
200247,SUCURSAL SUR,406
200023,BODEGA MIXCO,315
202731,SUCURSAL SUR,478
201407,SUCURSAL SUR,49
202163,BODEGA ZONA 12,296
201125,SUCURSAL SUR,420
202501,BODEGA MIXCO,122
202149,SUCURSAL SUR,318
200318,BODEGA ZONA 12,395
203753,SUCURSAL NORTE,10
203024,CENTRAL,245
202035,BODEGA ZONA 12,106
202654,SUCURSAL NORTE,271
203216,SUCURSAL SUR,36
203937,SUCURSAL NORTE,171
200336,SUCURSAL SUR,208
200365,CENTRAL,275
200892,SUCURSAL NORTE,480
203840,SUCURSAL NORTE,331
202942,SUCURSAL SUR,161
203954,BODEGA MIXCO,12
202142,BODEGA ZONA 12,396
202554,BODEGA MIXCO,71
201544,SUCURSAL SUR,410
200192,BODEGA MIXCO,146
202155,CENTRAL,240
201543,SUCURSAL SUR,69
201203,BODEGA ZONA 12,73
203664,CENTRAL,223
201236,CENTRAL,389
203276,BODEGA ZONA 12,0
203667,BODEGA MIXCO,132
202537,BODEGA ZONA 12,14
203573,BODEGA ZONA 12,447
201922,BODEGA MIXCO,117
200311,BODEGA ZONA 12,238
201118,BODEGA ZONA 12,271
203592,SUCURSAL NORTE,418
203050,SUCURSAL NORTE,440
203642,CENTRAL,97
200721,BODEGA ZONA 12,219
200696,BODEGA ZONA 12,50
202266,CENTRAL,382
201959,CENTRAL,363
201027,CENTRAL,11
200948,BODEGA ZONA 12,376
200732,CENTRAL,266
201845,BODEGA MIXCO,324
200441,SUCURSAL NORTE,9
203620,SUCURSAL SUR,80
202568,BODEGA ZONA 12,220
203990,BODEGA MIXCO,233
203837,SUCURSAL NORTE,454
202138,SUCURSAL NORTE,255
201751,SUCURSAL SUR,201
200876,CENTRAL,471
200327,BODEGA ZONA 12,468
201429,BODEGA ZONA 12,290
203321,SUCURSAL NORTE,229
202821,BODEGA MIXCO,48
202529,SUCURSAL SUR,389
200935,SUCURSAL NORTE,413
201328,SUCURSAL NORTE,280
200991,BODEGA ZONA 12,114
201640,BODEGA MIXCO,433
201135,CENTRAL,379
202255,CENTRAL,253
200049,BODEGA MIXCO,25
200685,BODEGA MIXCO,387
203861,CENTRAL,252
203277,BODEGA ZONA 12,308
201132,SUCURSAL NORTE,435
203425,BODEGA MIXCO,64
201730,BODEGA MIXCO,76
203545,SUCURSAL SUR,295
201548,CENTRAL,134
202655,CENTRAL,350
201362,SUCURSAL NORTE,122
201895,SUCURSAL SUR,291
201906,BODEGA MIXCO,434
200512,SUCURSAL NORTE,207
203004,SUCURSAL NORTE,292
203448,BODEGA ZONA 12,17
203724,CENTRAL,416
203287,BODEGA MIXCO,17
201295,CENTRAL,124
202502,CENTRAL,5
202485,BODEGA MIXCO,214
202349,SUCURSAL SUR,433
202883,BODEGA ZONA 12,209
203258,BODEGA ZONA 12,427
203700,BODEGA MIXCO,491
202013,SUCURSAL SUR,495
203959,BODEGA ZONA 12,441
201621,SUCURSAL SUR,35
202727,BODEGA ZONA 12,261
202461,CENTRAL,30
202068,BODEGA MIXCO,199
204018,BODEGA ZONA 12,493
200813,SUCURSAL SUR,282
201592,BODEGA MIXCO,414
201251,BODEGA MIXCO,433
202123,CENTRAL,422
201669,BODEGA ZONA 12,287
202381,BODEGA ZONA 12,225
201734,BODEGA MIXCO,222
203564,BODEGA MIXCO,322
200172,SUCURSAL SUR,62
202325,SUCURSAL NORTE,486
200766,BODEGA MIXCO,0
203203,BODEGA MIXCO,344
202393,BODEGA ZONA 12,273
203889,SUCURSAL SUR,449
203552,SUCURSAL SUR,407
202803,SUCURSAL SUR,287
201104,SUCURSAL NORTE,170
201263,SUCURSAL SUR,219
202743,CENTRAL,311
201847,CENTRAL,184
203818,SUCURSAL NORTE,418
202166,SUCURSAL NORTE,346
203398,SUCURSAL SUR,346
200705,BODEGA MIXCO,25
201109,BODEGA ZONA 12,484
200086,CENTRAL,142
202737,BODEGA ZONA 12,276
200168,CENTRAL,314
202134,SUCURSAL SUR,481
200014,BODEGA ZONA 12,158
203603,BODEGA ZONA 12,487
202184,BODEGA ZONA 12,166
202561,BODEGA ZONA 12,159
203242,BODEGA ZONA 12,370
202355,SUCURSAL NORTE,209
204085,SUCURSAL SUR,82
203652,SUCURSAL NORTE,131
203252,SUCURSAL SUR,436
202968,BODEGA MIXCO,29
202761,SUCURSAL NORTE,448
203529,BODEGA MIXCO,439
203910,BODEGA ZONA 12,426
203285,SUCURSAL NORTE,62
203997,SUCURSAL NORTE,48
200294,SUCURSAL NORTE,105
201969,SUCURSAL NORTE,80
201935,BODEGA MIXCO,356
202039,SUCURSAL NORTE,216
201956,BODEGA ZONA 12,260
201428,CENTRAL,339
200026,CENTRAL,485
200594,SUCURSAL SUR,110
203135,SUCURSAL SUR,247
201253,CENTRAL,121
203127,BODEGA ZONA 12,392
203570,BODEGA ZONA 12,0
203270,SUCURSAL SUR,432
201289,CENTRAL,129
203608,SUCURSAL SUR,236
200246,CENTRAL,31
203324,SUCURSAL SUR,143
203900,BODEGA MIXCO,110
202799,SUCURSAL NORTE,205
200264,SUCURSAL SUR,196
200828,BODEGA MIXCO,109
203531,BODEGA MIXCO,385
203182,CENTRAL,362
202175,CENTRAL,184
200170,SUCURSAL SUR,426
201469,BODEGA ZONA 12,312
203978,SUCURSAL SUR,467
200974,CENTRAL,429
203838,BODEGA MIXCO,59
203222,SUCURSAL SUR,481
200823,CENTRAL,166
203567,CENTRAL,254
200474,SUCURSAL NORTE,333
200500,CENTRAL,455
202447,BODEGA ZONA 12,80
203316,SUCURSAL SUR,384
203834,SUCURSAL SUR,123
200326,CENTRAL,349
202482,SUCURSAL NORTE,325
201963,SUCURSAL NORTE,222
201736,BODEGA ZONA 12,496
200320,SUCURSAL NORTE,446
200221,SUCURSAL NORTE,412
203357,BODEGA ZONA 12,168
201749,SUCURSAL SUR,0
203124,BODEGA MIXCO,324
202623,SUCURSAL NORTE,328
203003,BODEGA MIXCO,22
200719,SUCURSAL SUR,280
204038,BODEGA MIXCO,450
200545,CENTRAL,330
203473,SUCURSAL NORTE,107
203434,SUCURSAL SUR,0
200158,CENTRAL,402
203058,SUCURSAL NORTE,14
202288,CENTRAL,249
201470,SUCURSAL SUR,261
200438,BODEGA ZONA 12,181
200375,BODEGA MIXCO,438
202085,SUCURSAL NORTE,124
202565,BODEGA MIXCO,380
200739,SUCURSAL NORTE,203
200792,SUCURSAL SUR,197
203164,BODEGA MIXCO,186
201154,SUCURSAL SUR,4
201772,SUCURSAL SUR,176
200656,BODEGA MIXCO,78
202026,BODEGA MIXCO,448
203275,BODEGA MIXCO,401
200715,BODEGA MIXCO,211
203278,BODEGA MIXCO,484
203548,BODEGA ZONA 12,125
203025,BODEGA MIXCO,307
203526,CENTRAL,230
200245,SUCURSAL NORTE,73
203740,SUCURSAL NORTE,85
202369,BODEGA MIXCO,324
203784,CENTRAL,141
202854,SUCURSAL SUR,189
200274,SUCURSAL SUR,322
202945,CENTRAL,212
201791,SUCURSAL NORTE,103
202837,BODEGA ZONA 12,484
202716,SUCURSAL NORTE,446
203198,SUCURSAL NORTE,239
203390,CENTRAL,152
201745,SUCURSAL NORTE,291
202119,SUCURSAL NORTE,353
203130,SUCURSAL SUR,242
202106,BODEGA ZONA 12,398
201597,SUCURSAL NORTE,414
200202,BODEGA MIXCO,269
203020,CENTRAL,339
203210,SUCURSAL NORTE,344
201233,CENTRAL,97
202863,SUCURSAL NORTE,70
202770,SUCURSAL SUR,143
202732,SUCURSAL SUR,210
203142,BODEGA MIXCO,4
201834,SUCURSAL NORTE,160
203250,BODEGA ZONA 12,338
201106,SUCURSAL SUR,461
201205,BODEGA ZONA 12,197
202860,BODEGA MIXCO,450
201477,BODEGA MIXCO,69
200043,BODEGA ZONA 12,-1
202875,SUCURSAL NORTE,463
201897,BODEGA MIXCO,255
200042,SUCURSAL NORTE,450
200950,BODEGA ZONA 12,335
200103,CENTRAL,348
200426,CENTRAL,271
202553,SUCURSAL NORTE,432
203704,CENTRAL,203
201402,CENTRAL,424
203052,BODEGA ZONA 12,135
200694,CENTRAL,365
203553,BODEGA MIXCO,150
202974,BODEGA ZONA 12,327
204028,BODEGA ZONA 12,247
201284,SUCURSAL NORTE,464
201928,CENTRAL,46
204019,CENTRAL,188
201155,CENTRAL,466
203967,CENTRAL,378
200674,SUCURSAL NORTE,222
201945,CENTRAL,354
201680,SUCURSAL NORTE,218
201126,SUCURSAL NORTE,323
201113,BODEGA ZONA 12,171
203116,CENTRAL,467
203890,CENTRAL,199
202323,CENTRAL,392
201474,CENTRAL,97
203921,SUCURSAL SUR,142
203653,SUCURSAL SUR,24
200580,BODEGA MIXCO,24
201870,SUCURSAL SUR,66
200122,SUCURSAL SUR,75
201806,SUCURSAL NORTE,426
201166,BODEGA ZONA 12,489
200034,BODEGA ZONA 12,0
203244,SUCURSAL NORTE,209
203371,SUCURSAL NORTE,342
202632,BODEGA MIXCO,45
202697,BODEGA MIXCO,377
202442,BODEGA ZONA 12,84
202609,SUCURSAL NORTE,108
201006,BODEGA MIXCO,219
202235,CENTRAL,479
203117,BODEGA ZONA 12,448
202816,BODEGA MIXCO,376
202190,SUCURSAL SUR,388
201718,SUCURSAL SUR,44
202232,SUCURSAL NORTE,239
203524,SUCURSAL SUR,446
202241,BODEGA ZONA 12,439
200891,CENTRAL,79
202268,BODEGA ZONA 12,255
203313,CENTRAL,153
202528,BODEGA ZONA 12,479
200984,CENTRAL,174
201555,SUCURSAL SUR,441
203409,BODEGA MIXCO,12
202067,BODEGA MIXCO,279
202073,BODEGA ZONA 12,347
201667,BODEGA MIXCO,473
201699,BODEGA MIXCO,192
203572,SUCURSAL SUR,343
200771,BODEGA ZONA 12,243
200647,SUCURSAL SUR,353
200059,SUCURSAL NORTE,57
201568,SUCURSAL SUR,85
202651,SUCURSAL SUR,196
202177,SUCURSAL SUR,214
203015,BODEGA MIXCO,115
202845,BODEGA MIXCO,-1
202431,BODEGA ZONA 12,314
201090,SUCURSAL SUR,379
201608,SUCURSAL NORTE,130
201532,BODEGA MIXCO,82
201632,CENTRAL,448
200354,BODEGA MIXCO,164
201582,SUCURSAL SUR,208
203630,SUCURSAL NORTE,357
204044,SUCURSAL NORTE,223
200996,BODEGA ZONA 12,432
203483,SUCURSAL SUR,380
200930,SUCURSAL NORTE,85
201804,SUCURSAL NORTE,374
200396,BODEGA MIXCO,221
200296,SUCURSAL NORTE,181
203532,CENTRAL,159
201376,SUCURSAL NORTE,-1
203948,SUCURSAL SUR,459
200559,CENTRAL,286
202840,SUCURSAL NORTE,434
200885,SUCURSAL NORTE,-1
202463,CENTRAL,434
202977,SUCURSAL NORTE,346
203131,BODEGA MIXCO,324
203155,BODEGA ZONA 12,364
203115,BODEGA MIXCO,318
202240,BODEGA ZONA 12,170
202545,SUCURSAL NORTE,175
203405,SUCURSAL NORTE,104
202192,BODEGA ZONA 12,126
203506,BODEGA MIXCO,357
201202,BODEGA ZONA 12,205
202009,SUCURSAL SUR,-1
202398,CENTRAL,436
202748,BODEGA MIXCO,68
201884,BODEGA ZONA 12,237
203109,SUCURSAL NORTE,317
201578,SUCURSAL NORTE,50
202326,BODEGA MIXCO,331
201827,CENTRAL,449
203348,BODEGA ZONA 12,279
203798,SUCURSAL SUR,46
203401,SUCURSAL SUR,278
203199,SUCURSAL NORTE,318
201816,BODEGA MIXCO,328
202887,BODEGA MIXCO,253
201466,SUCURSAL NORTE,3
203318,SUCURSAL SUR,242
203432,BODEGA MIXCO,419
203696,BODEGA MIXCO,132
201158,SUCURSAL SUR,343
200222,BODEGA MIXCO,334
203767,SUCURSAL NORTE,346
202952,BODEGA ZONA 12,224
203138,BODEGA MIXCO,391
201408,BODEGA MIXCO,26
200940,BODEGA MIXCO,49
200869,SUCURSAL SUR,176
200664,CENTRAL,302
202373,BODEGA MIXCO,225
203195,SUCURSAL SUR,450
201781,SUCURSAL NORTE,147
202518,BODEGA ZONA 12,283
202465,BODEGA ZONA 12,21
200083,SUCURSAL NORTE,213
202127,CENTRAL,197
201980,SUCURSAL SUR,227
201424,CENTRAL,470
200417,SUCURSAL NORTE,380
201399,CENTRAL,173
202620,SUCURSAL SUR,462
200338,SUCURSAL NORTE,401
203637,BODEGA ZONA 12,448
201664,SUCURSAL NORTE,50
200602,SUCURSAL SUR,176
200648,SUCURSAL NORTE,221
200920,BODEGA MIXCO,92
203694,SUCURSAL SUR,223
201731,BODEGA ZONA 12,401
200139,SUCURSAL SUR,161
203362,BODEGA MIXCO,329
201546,SUCURSAL NORTE,106
203169,CENTRAL,208
201698,BODEGA ZONA 12,350
200751,CENTRAL,498
202044,SUCURSAL SUR,402
200310,CENTRAL,177
203707,BODEGA ZONA 12,37
200082,SUCURSAL SUR,26
202670,BODEGA MIXCO,246
200333,SUCURSAL NORTE,0
203755,SUCURSAL NORTE,124
202359,SUCURSAL SUR,423
201476,SUCURSAL SUR,0
203614,SUCURSAL NORTE,73
203936,SUCURSAL SUR,470
203309,SUCURSAL NORTE,430
203298,CENTRAL,438
203063,CENTRAL,247
202605,SUCURSAL SUR,451
200458,BODEGA ZONA 12,437
200677,SUCURSAL NORTE,-10
201070,CENTRAL,73
204037,BODEGA ZONA 12,108
201034,BODEGA ZONA 12,130
200297,SUCURSAL NORTE,353
200419,SUCURSAL SUR,200
202826,BODEGA MIXCO,439
202012,SUCURSAL SUR,436
202409,BODEGA ZONA 12,273
203038,BODEGA ZONA 12,165
201346,SUCURSAL NORTE,21
200849,BODEGA ZONA 12,249
201139,BODEGA MIXCO,65
203034,SUCURSAL NORTE,237
202664,SUCURSAL SUR,-1
200140,CENTRAL,101
201515,SUCURSAL SUR,168
201889,SUCURSAL NORTE,442
201511,BODEGA MIXCO,135
201957,BODEGA ZONA 12,185
202033,SUCURSAL NORTE,394
201330,SUCURSAL NORTE,462
202340,BODEGA MIXCO,463
200104,BODEGA MIXCO,173
201310,SUCURSAL SUR,491
203984,BODEGA MIXCO,166
201431,CENTRAL,216
203141,CENTRAL,328
200874,BODEGA ZONA 12,202
203752,SUCURSAL NORTE,163
201261,SUCURSAL NORTE,142
202277,BODEGA MIXCO,433
203710,CENTRAL,147
201180,CENTRAL,31
200952,CENTRAL,46
202353,SUCURSAL NORTE,85
202615,CENTRAL,280
203303,CENTRAL,99
203314,SUCURSAL NORTE,125
203600,BODEGA MIXCO,156
201691,BODEGA MIXCO,139
203965,BODEGA ZONA 12,166
201617,BODEGA MIXCO,-1
201776,SUCURSAL NORTE,147
203949,CENTRAL,296
201339,BODEGA ZONA 12,488
201413,BODEGA MIXCO,55
202164,SUCURSAL NORTE,118
202978,BODEGA ZONA 12,192
202682,CENTRAL,278
201498,SUCURSAL SUR,415
203578,CENTRAL,107
204070,CENTRAL,485
200843,BODEGA ZONA 12,388
201641,CENTRAL,19
203125,BODEGA MIXCO,81
202555,BODEGA ZONA 12,374
201129,BODEGA ZONA 12,417
203441,BODEGA ZONA 12,470
204065,SUCURSAL SUR,398
203514,SUCURSAL NORTE,44
200803,SUCURSAL SUR,141
202535,BODEGA ZONA 12,393
201563,SUCURSAL SUR,356
201416,SUCURSAL SUR,234
201057,SUCURSAL NORTE,484
200415,SUCURSAL NORTE,352
200143,SUCURSAL NORTE,209
203029,SUCURSAL NORTE,339
203427,SUCURSAL NORTE,57
200457,BODEGA MIXCO,417
200232,CENTRAL,46
203435,BODEGA MIXCO,64
201666,SUCURSAL SUR,39
201410,BODEGA MIXCO,456
200328,BODEGA MIXCO,45
202903,SUCURSAL NORTE,222
200943,CENTRAL,0
203056,SUCURSAL SUR,153
200120,SUCURSAL NORTE,84
201703,SUCURSAL NORTE,156
200688,SUCURSAL SUR,89
202953,SUCURSAL NORTE,470
200368,SUCURSAL NORTE,474
202488,BODEGA MIXCO,357
203613,BODEGA MIXCO,184
202914,BODEGA ZONA 12,489
201557,SUCURSAL SUR,398
202650,SUCURSAL SUR,29
202049,SUCURSAL SUR,107
203870,SUCURSAL SUR,175
200387,CENTRAL,102
200579,BODEGA MIXCO,274
202763,CENTRAL,32
203484,BODEGA MIXCO,194
203342,SUCURSAL NORTE,388
202955,SUCURSAL SUR,138
201395,SUCURSAL NORTE,289
201035,BODEGA MIXCO,240
200871,BODEGA ZONA 12,146
203782,CENTRAL,353
201637,CENTRAL,295
200063,BODEGA ZONA 12,220
201554,SUCURSAL SUR,430
201812,SUCURSAL NORTE,47
200901,SUCURSAL NORTE,84
203690,BODEGA MIXCO,323
200036,CENTRAL,96
200791,SUCURSAL NORTE,271
201558,SUCURSAL NORTE,170
201177,SUCURSAL SUR,100
201176,BODEGA ZONA 12,168
201267,BODEGA MIXCO,217
202259,SUCURSAL NORTE,269
202607,BODEGA ZONA 12,44
201688,SUCURSAL NORTE,484
203697,SUCURSAL SUR,36
201633,SUCURSAL NORTE,15
204026,BODEGA ZONA 12,471
203952,BODEGA ZONA 12,151
202752,SUCURSAL NORTE,221
202233,CENTRAL,225
203686,SUCURSAL NORTE,82
202735,SUCURSAL SUR,162
201260,BODEGA ZONA 12,170
200563,SUCURSAL SUR,106
201968,SUCURSAL SUR,381
203794,BODEGA MIXCO,154
200734,BODEGA MIXCO,194
200002,SUCURSAL SUR,491
204032,SUCURSAL NORTE,95
201136,SUCURSAL SUR,487
200691,SUCURSAL NORTE,203
203126,SUCURSAL SUR,321
202182,CENTRAL,415
203829,SUCURSAL NORTE,96
202797,BODEGA ZONA 12,53
203268,BODEGA MIXCO,96
202362,SUCURSAL NORTE,436
201985,SUCURSAL NORTE,97
200707,CENTRAL,40
203593,SUCURSAL SUR,6
201539,CENTRAL,294
200661,BODEGA ZONA 12,272
202265,SUCURSAL SUR,432
200812,SUCURSAL NORTE,323
202058,BODEGA ZONA 12,412
200642,BODEGA MIXCO,209
202459,SUCURSAL NORTE,460
203062,SUCURSAL SUR,485
202087,SUCURSAL NORTE,67
201821,SUCURSAL SUR,198
201288,BODEGA ZONA 12,483
201907,CENTRAL,375
201844,SUCURSAL NORTE,81
202267,SUCURSAL SUR,44
200433,SUCURSAL SUR,440
200033,CENTRAL,365
201157,BODEGA ZONA 12,290
204099,SUCURSAL SUR,3
200241,SUCURSAL SUR,374
203575,SUCURSAL SUR,254
203196,CENTRAL,0
202321,CENTRAL,274
202408,SUCURSAL NORTE,343
202099,SUCURSAL SUR,351
200535,SUCURSAL NORTE,170
202824,SUCURSAL NORTE,420
203853,SUCURSAL NORTE,168
200925,BODEGA ZONA 12,194
200571,SUCURSAL SUR,435
200923,SUCURSAL NORTE,307
200189,SUCURSAL NORTE,90
201274,CENTRAL,37
200754,SUCURSAL SUR,227
203315,CENTRAL,236
201697,SUCURSAL SUR,369
200865,CENTRAL,374
201303,CENTRAL,140
202345,BODEGA ZONA 12,126
201983,BODEGA ZONA 12,443
201696,BODEGA MIXCO,139
201487,SUCURSAL SUR,414
202925,BODEGA ZONA 12,363
203527,SUCURSAL NORTE,66
200683,SUCURSAL SUR,225
200789,CENTRAL,82
200704,SUCURSAL SUR,362
203530,SUCURSAL NORTE,236
201770,SUCURSAL SUR,199
200261,BODEGA ZONA 12,431
203399,SUCURSAL SUR,456
201348,SUCURSAL NORTE,395
201427,SUCURSAL NORTE,153
204002,SUCURSAL NORTE,408
203007,BODEGA ZONA 12,350
200067,BODEGA ZONA 12,417
201357,CENTRAL,382
203204,BODEGA ZONA 12,8
201063,BODEGA MIXCO,474
201393,BODEGA ZONA 12,164
200017,BODEGA ZONA 12,453
202199,SUCURSAL SUR,412
202140,SUCURSAL NORTE,419
202414,SUCURSAL NORTE,303
203504,BODEGA MIXCO,459
201341,SUCURSAL NORTE,69
201049,CENTRAL,385
203078,SUCURSAL NORTE,347
202963,BODEGA MIXCO,468
202886,BODEGA MIXCO,465
202585,BODEGA ZONA 12,184
203633,CENTRAL,122
202254,CENTRAL,133
201292,CENTRAL,111
200723,CENTRAL,280
200798,SUCURSAL SUR,151
203748,CENTRAL,237
203480,CENTRAL,122
200293,SUCURSAL NORTE,191
202181,BODEGA MIXCO,179
201881,BODEGA MIXCO,80
202112,CENTRAL,481
200188,BODEGA ZONA 12,233
203288,CENTRAL,228
203612,SUCURSAL SUR,35
200231,SUCURSAL NORTE,426
200655,SUCURSAL NORTE,120
200195,BODEGA MIXCO,180
201161,SUCURSAL NORTE,144
202899,SUCURSAL SUR,87
203851,BODEGA ZONA 12,15
202273,CENTRAL,227
202897,BODEGA ZONA 12,355
203026,BODEGA MIXCO,25
201981,CENTRAL,70
202918,CENTRAL,443
204063,BODEGA MIXCO,336
200032,SUCURSAL NORTE,170
202663,SUCURSAL SUR,337
200605,BODEGA MIXCO,147
200304,BODEGA ZONA 12,213
200486,BODEGA MIXCO,170
200282,BODEGA ZONA 12,466
201891,SUCURSAL NORTE,324
202187,BODEGA MIXCO,412
201636,BODEGA MIXCO,344
202590,SUCURSAL NORTE,172
201941,SUCURSAL NORTE,255
203741,BODEGA ZONA 12,408
200389,SUCURSAL NORTE,330
203421,BODEGA ZONA 12,369
203744,CENTRAL,2
202924,BODEGA ZONA 12,208
201437,CENTRAL,428
203591,SUCURSAL SUR,260
200482,BODEGA ZONA 12,289
200645,BODEGA ZONA 12,237
200031,SUCURSAL SUR,300
200142,BODEGA ZONA 12,263
201654,CENTRAL,401
202292,CENTRAL,311
201803,SUCURSAL SUR,27
202218,SUCURSAL SUR,32
203766,BODEGA MIXCO,271
201903,SUCURSAL NORTE,224
203495,BODEGA ZONA 12,342
201625,SUCURSAL NORTE,240
200622,SUCURSAL NORTE,432
200384,CENTRAL,288
203770,CENTRAL,318
201880,CENTRAL,157
202400,BODEGA MIXCO,228
200301,BODEGA MIXCO,113
201501,CENTRAL,369
200228,SUCURSAL NORTE,202
200993,SUCURSAL NORTE,278
202627,BODEGA MIXCO,61
200890,CENTRAL,306
200437,BODEGA MIXCO,180
204012,BODEGA MIXCO,179
202446,SUCURSAL SUR,253
202295,SUCURSAL SUR,249
203098,BODEGA ZONA 12,50
201918,SUCURSAL NORTE,354
203307,SUCURSAL NORTE,93
201901,BODEGA MIXCO,307
203223,CENTRAL,348
201590,CENTRAL,304
203185,SUCURSAL SUR,245
201910,BODEGA MIXCO,210
200829,CENTRAL,214
201940,BODEGA ZONA 12,320
202841,SUCURSAL SUR,427
200422,BODEGA MIXCO,278
202557,BODEGA MIXCO,458
200080,SUCURSAL SUR,268
203208,CENTRAL,71
200132,BODEGA ZONA 12,152
202352,CENTRAL,129
201206,SUCURSAL SUR,401
201319,SUCURSAL SUR,275
202351,SUCURSAL SUR,338
200432,CENTRAL,421
202000,SUCURSAL NORTE,336
200144,BODEGA MIXCO,335
204088,SUCURSAL SUR,380
201561,BODEGA MIXCO,430
200319,BODEGA MIXCO,325
200599,BODEGA MIXCO,259
203068,BODEGA MIXCO,438
203601,BODEGA MIXCO,337
203638,CENTRAL,103
203812,BODEGA ZONA 12,469
201799,CENTRAL,198
202206,BODEGA ZONA 12,87
202724,CENTRAL,409
200182,CENTRAL,340
203346,SUCURSAL SUR,434
203775,CENTRAL,310
201324,BODEGA MIXCO,12
202132,BODEGA MIXCO,250
203809,BODEGA ZONA 12,500
201702,SUCURSAL NORTE,405
202573,SUCURSAL NORTE,393
201825,SUCURSAL SUR,485
201021,SUCURSAL NORTE,398
200498,SUCURSAL NORTE,111
201101,BODEGA MIXCO,325
200220,BODEGA ZONA 12,391
201492,BODEGA ZONA 12,497
201665,BODEGA ZONA 12,254
200590,BODEGA ZONA 12,0
200652,BODEGA MIXCO,61
200921,BODEGA ZONA 12,96
202810,BODEGA MIXCO,345
201787,SUCURSAL NORTE,494
200018,BODEGA MIXCO,215
202364,SUCURSAL SUR,49
202631,CENTRAL,358
202836,BODEGA MIXCO,420
201116,CENTRAL,173
203289,BODEGA MIXCO,237
200979,SUCURSAL NORTE,394
202962,CENTRAL,306
202506,SUCURSAL NORTE,171
200708,SUCURSAL NORTE,283
200546,BODEGA MIXCO,369
200004,BODEGA ZONA 12,242
200837,BODEGA ZONA 12,173
201464,SUCURSAL SUR,396
203334,CENTRAL,55
200402,BODEGA ZONA 12,118
201127,BODEGA MIXCO,357
202215,SUCURSAL SUR,403
202121,SUCURSAL NORTE,309
200872,CENTRAL,226
202477,BODEGA MIXCO,271
202156,BODEGA MIXCO,354
203340,SUCURSAL SUR,355
202350,BODEGA ZONA 12,172
201854,SUCURSAL NORTE,173
203361,BODEGA ZONA 12,153
203238,BODEGA ZONA 12,151
203841,BODEGA ZONA 12,298
202487,SUCURSAL SUR,261
201994,CENTRAL,224
203209,BODEGA MIXCO,397
202002,BODEGA ZONA 12,463
203860,BODEGA ZONA 12,309
200593,SUCURSAL NORTE,259
200668,BODEGA ZONA 12,25
200219,CENTRAL,393
200621,SUCURSAL NORTE,319
203319,CENTRAL,111
200287,BODEGA MIXCO,123
201575,SUCURSAL SUR,91
202410,SUCURSAL NORTE,127
203396,BODEGA MIXCO,172
203958,SUCURSAL NORTE,46
202358,BODEGA MIXCO,495
200258,CENTRAL,72
204008,CENTRAL,343
202313,SUCURSAL NORTE,432
201678,SUCURSAL NORTE,345
204014,CENTRAL,130
202902,SUCURSAL SUR,165
204096,BODEGA ZONA 12,245
201404,BODEGA MIXCO,408
200088,CENTRAL,172
203769,BODEGA ZONA 12,157
200201,CENTRAL,394
201860,BODEGA MIXCO,329
203893,BODEGA MIXCO,220
202054,BODEGA ZONA 12,154
201962,SUCURSAL NORTE,11
203152,SUCURSAL NORTE,360
200155,CENTRAL,327
201653,SUCURSAL SUR,249
203188,SUCURSAL SUR,211
201606,BODEGA MIXCO,417
203774,SUCURSAL NORTE,83
203146,SUCURSAL SUR,387
200194,BODEGA MIXCO,9
203412,SUCURSAL NORTE,166
202504,BODEGA ZONA 12,453
203709,SUCURSAL SUR,380
203224,SUCURSAL SUR,84
202944,BODEGA MIXCO,263
203743,CENTRAL,15
202208,BODEGA ZONA 12,124
202874,BODEGA MIXCO,30
202404,CENTRAL,304
201655,SUCURSAL NORTE,131
200113,SUCURSAL SUR,194
200857,BODEGA MIXCO,0
203911,CENTRAL,188
203001,SUCURSAL SUR,244
200450,BODEGA MIXCO,90
203233,CENTRAL,345
203225,CENTRAL,246
202921,SUCURSAL NORTE,135
200149,SUCURSAL NORTE,123
202964,SUCURSAL NORTE,342
203471,BODEGA ZONA 12,430
204023,BODEGA ZONA 12,310
202220,SUCURSAL NORTE,447
202194,BODEGA ZONA 12,43
204051,SUCURSAL NORTE,127
200090,SUCURSAL NORTE,389
202238,SUCURSAL SUR,14
200045,CENTRAL,129
202078,CENTRAL,258
201221,BODEGA ZONA 12,292
200913,SUCURSAL NORTE,78
200676,CENTRAL,192
200808,BODEGA MIXCO,300
202505,SUCURSAL NORTE,276
203374,BODEGA ZONA 12,0
201970,BODEGA ZONA 12,482
201294,SUCURSAL SUR,89
200524,BODEGA MIXCO,455
203786,BODEGA ZONA 12,479
202390,SUCURSAL SUR,150
202170,SUCURSAL SUR,174
204056,SUCURSAL SUR,185
203924,CENTRAL,272
203286,BODEGA ZONA 12,354
202829,BODEGA MIXCO,255
203927,BODEGA ZONA 12,480
203329,BODEGA ZONA 12,327
201017,SUCURSAL SUR,276
200345,SUCURSAL NORTE,499
203749,BODEGA ZONA 12,334
202167,BODEGA ZONA 12,376
200409,BODEGA MIXCO,153
203266,CENTRAL,347
202532,BODEGA MIXCO,314
203854,SUCURSAL SUR,171
201694,SUCURSAL SUR,51
202083,BODEGA ZONA 12,346
200073,SUCURSAL NORTE,375
201234,BODEGA MIXCO,255
202539,SUCURSAL SUR,0
202158,SUCURSAL NORTE,212
201091,SUCURSAL NORTE,316
201783,BODEGA ZONA 12,334
203120,CENTRAL,188
200960,BODEGA ZONA 12,148
201525,SUCURSAL SUR,443
202629,BODEGA MIXCO,118
201603,CENTRAL,374
202200,SUCURSAL NORTE,0
200398,CENTRAL,436
203991,CENTRAL,0
200451,SUCURSAL SUR,405
203468,BODEGA MIXCO,326
201530,SUCURSAL SUR,170
200762,BODEGA ZONA 12,18
203002,BODEGA ZONA 12,329
203385,CENTRAL,304
201219,BODEGA MIXCO,82
201894,BODEGA ZONA 12,83
202689,BODEGA MIXCO,392
203121,CENTRAL,159
201766,BODEGA MIXCO,168
203589,CENTRAL,258
202061,BODEGA MIXCO,436
201089,SUCURSAL SUR,285
200102,BODEGA ZONA 12,11
201836,SUCURSAL SUR,101
200638,BODEGA MIXCO,-1
200855,SUCURSAL NORTE,494
201115,SUCURSAL NORTE,199
203429,BODEGA ZONA 12,195
200366,SUCURSAL SUR,369
200075,BODEGA ZONA 12,57
200169,BODEGA ZONA 12,427
203475,CENTRAL,58
202439,BODEGA ZONA 12,120
201999,SUCURSAL NORTE,326
201587,BODEGA ZONA 12,166
203414,BODEGA MIXCO,416
200931,SUCURSAL SUR,142
203039,BODEGA ZONA 12,500
202120,SUCURSAL SUR,336
201403,BODEGA MIXCO,133
200627,CENTRAL,80
200184,BODEGA ZONA 12,454
200303,SUCURSAL SUR,370
203516,CENTRAL,275
200815,BODEGA ZONA 12,226
201793,CENTRAL,52
201301,BODEGA ZONA 12,122
200541,BODEGA ZONA 12,446
203843,CENTRAL,220
201315,BODEGA ZONA 12,377
202417,CENTRAL,54
201191,SUCURSAL NORTE,487
200340,BODEGA ZONA 12,18
200842,CENTRAL,427
202060,SUCURSAL SUR,263
201312,CENTRAL,307
203201,SUCURSAL SUR,57
202071,CENTRAL,170
200068,BODEGA MIXCO,37
202898,SUCURSAL NORTE,310
200464,BODEGA MIXCO,99
201931,BODEGA ZONA 12,122
200558,BODEGA MIXCO,24
201374,SUCURSAL SUR,178
203976,SUCURSAL SUR,147
200673,SUCURSAL NORTE,357
202150,SUCURSAL SUR,415
203190,SUCURSAL SUR,264
201748,SUCURSAL NORTE,263
200603,CENTRAL,479
203960,BODEGA ZONA 12,36
202967,BODEGA ZONA 12,28
200584,SUCURSAL SUR,436
200851,SUCURSAL NORTE,435
203579,BODEGA MIXCO,307
200731,CENTRAL,179
202596,SUCURSAL SUR,208
200463,BODEGA ZONA 12,347
203150,BODEGA MIXCO,462
202730,BODEGA ZONA 12,185
200649,BODEGA MIXCO,203
200098,SUCURSAL SUR,380
203071,BODEGA MIXCO,417
200490,CENTRAL,469
200933,BODEGA ZONA 12,288
201634,SUCURSAL NORTE,96
201326,BODEGA MIXCO,500
202320,BODEGA ZONA 12,420
202753,BODEGA ZONA 12,142
200243,BODEGA MIXCO,485
202389,CENTRAL,125
200819,SUCURSAL NORTE,451
203523,BODEGA ZONA 12,121
200742,BODEGA ZONA 12,91
201676,CENTRAL,380
200972,BODEGA ZONA 12,331
201926,BODEGA ZONA 12,425
200118,BODEGA ZONA 12,113
200526,BODEGA MIXCO,347
201448,SUCURSAL NORTE,80
202544,SUCURSAL NORTE,27
200728,SUCURSAL NORTE,0
201316,SUCURSAL SUR,252
200060,CENTRAL,216
201483,BODEGA ZONA 12,445
201496,BODEGA MIXCO,183
200838,SUCURSAL SUR,309
201306,BODEGA MIXCO,135
201859,BODEGA MIXCO,390
200411,BODEGA ZONA 12,39
202993,SUCURSAL NORTE,243
200427,SUCURSAL NORTE,343
202256,BODEGA MIXCO,398
200421,CENTRAL,401
202630,SUCURSAL NORTE,241
200657,SUCURSAL NORTE,317
202005,BODEGA MIXCO,177
203986,CENTRAL,3
201229,CENTRAL,334
201450,BODEGA ZONA 12,465
201100,CENTRAL,132
202066,SUCURSAL SUR,33
200162,SUCURSAL NORTE,16
201386,CENTRAL,219
202474,CENTRAL,401
202318,BODEGA MIXCO,347
202047,BODEGA MIXCO,0
202693,BODEGA ZONA 12,288
202931,SUCURSAL SUR,97
200065,CENTRAL,142
203727,BODEGA MIXCO,56
201569,BODEGA MIXCO,412
203082,SUCURSAL NORTE,455
201768,CENTRAL,-1
200549,SUCURSAL NORTE,431
201327,CENTRAL,88
200126,BODEGA MIXCO,399
200317,BODEGA ZONA 12,143
201162,BODEGA ZONA 12,73
202050,SUCURSAL NORTE,71
200478,CENTRAL,39
203560,BODEGA MIXCO,261
201536,BODEGA MIXCO,391
204089,CENTRAL,209
201414,BODEGA ZONA 12,38
201175,SUCURSAL SUR,383
201933,BODEGA MIXCO,1
200295,BODEGA ZONA 12,142
201223,BODEGA ZONA 12,254
200733,CENTRAL,472
202946,BODEGA ZONA 12,142
202216,CENTRAL,230
200379,SUCURSAL SUR,497
202551,BODEGA MIXCO,61
202872,CENTRAL,0
200744,CENTRAL,461
200902,BODEGA ZONA 12,83
200769,SUCURSAL SUR,127
204045,BODEGA ZONA 12,390
203442,SUCURSAL NORTE,-10
203715,BODEGA ZONA 12,432
200095,SUCURSAL NORTE,396
202036,BODEGA MIXCO,229
200211,SUCURSAL NORTE,274
202833,BODEGA ZONA 12,274
200572,SUCURSAL NORTE,103
203394,SUCURSAL SUR,326
203351,BODEGA ZONA 12,183
204062,BODEGA MIXCO,18
202617,BODEGA MIXCO,157
201788,SUCURSAL NORTE,15
203665,BODEGA MIXCO,239
203151,SUCURSAL SUR,425
202521,BODEGA ZONA 12,191
201992,SUCURSAL SUR,324
200916,CENTRAL,376
203443,SUCURSAL SUR,493
203437,CENTRAL,341
203622,BODEGA MIXCO,-1
200670,SUCURSAL NORTE,451
202205,BODEGA ZONA 12,238
203882,BODEGA ZONA 12,138
202552,BODEGA MIXCO,62
200893,BODEGA ZONA 12,4
202467,BODEGA ZONA 12,418
201345,BODEGA MIXCO,31
201813,CENTRAL,267
200888,CENTRAL,136
202303,CENTRAL,161
200455,BODEGA MIXCO,337
200989,SUCURSAL SUR,395
202593,CENTRAL,171
200487,CENTRAL,272
203956,CENTRAL,429
201867,BODEGA MIXCO,421
202412,SUCURSAL SUR,395
200166,BODEGA MIXCO,485
200468,CENTRAL,0
202822,BODEGA ZONA 12,331
201007,BODEGA MIXCO,134
200171,BODEGA MIXCO,-1
202279,SUCURSAL SUR,282
202379,SUCURSAL SUR,482
202331,SUCURSAL SUR,212
200453,SUCURSAL SUR,457
202667,SUCURSAL SUR,248
202223,CENTRAL,422
203913,SUCURSAL SUR,398
201224,SUCURSAL NORTE,252
202101,BODEGA ZONA 12,486
202195,BODEGA MIXCO,310
202425,BODEGA MIXCO,439
200054,BODEGA MIXCO,353
201044,CENTRAL,203
202633,BODEGA ZONA 12,463
201200,CENTRAL,310
200028,SUCURSAL NORTE,342
200408,CENTRAL,417
200378,SUCURSAL NORTE,314
201822,SUCURSAL NORTE,20
204075,BODEGA ZONA 12,270
201626,SUCURSAL SUR,375
200074,BODEGA MIXCO,3
202676,BODEGA ZONA 12,356
203792,BODEGA MIXCO,242
200209,SUCURSAL SUR,371
200983,SUCURSAL SUR,427
203420,CENTRAL,279
200695,CENTRAL,283
200618,BODEGA MIXCO,156
202549,BODEGA MIXCO,184
203254,SUCURSAL NORTE,464
202844,SUCURSAL NORTE,112
201899,SUCURSAL SUR,134
200533,CENTRAL,187
203376,SUCURSAL NORTE,60
202084,BODEGA MIXCO,1
202644,BODEGA MIXCO,287
200785,BODEGA ZONA 12,436
203968,SUCURSAL SUR,443
200428,BODEGA MIXCO,156
201463,BODEGA MIXCO,238
201524,CENTRAL,95
201908,BODEGA MIXCO,193
201864,BODEGA ZONA 12,431
202580,CENTRAL,127
200663,CENTRAL,283
203908,CENTRAL,89
202976,BODEGA ZONA 12,234
202812,CENTRAL,61
200276,SUCURSAL SUR,-1
201887,BODEGA MIXCO,45
201078,SUCURSAL SUR,328
202059,CENTRAL,328
202915,CENTRAL,82
200612,CENTRAL,250
203419,SUCURSAL NORTE,332
201977,SUCURSAL SUR,366
200355,SUCURSAL NORTE,174
202706,SUCURSAL SUR,53
203341,SUCURSAL NORTE,240
201754,SUCURSAL SUR,478
201915,BODEGA ZONA 12,443
200840,BODEGA MIXCO,323
202801,SUCURSAL SUR,0
200307,CENTRAL,402
202992,SUCURSAL NORTE,347
203249,BODEGA MIXCO,116
200881,SUCURSAL NORTE,124
202775,CENTRAL,353
202641,SUCURSAL SUR,159
203605,SUCURSAL NORTE,286
203274,CENTRAL,264
200626,CENTRAL,295
203733,CENTRAL,223
202114,BODEGA ZONA 12,248
201527,CENTRAL,269
200286,CENTRAL,256
200614,SUCURSAL NORTE,429
200684,SUCURSAL SUR,337
203515,BODEGA ZONA 12,184
204033,SUCURSAL NORTE,466
200667,CENTRAL,153
203451,BODEGA ZONA 12,153
204042,SUCURSAL SUR,318
202729,CENTRAL,458
200592,BODEGA ZONA 12,152
202905,BODEGA MIXCO,422
200041,CENTRAL,195
202728,SUCURSAL SUR,162
203558,SUCURSAL SUR,80
203102,SUCURSAL SUR,140
200226,BODEGA ZONA 12,286
203833,SUCURSAL NORTE,397
202356,BODEGA MIXCO,169
202882,BODEGA MIXCO,474
201523,CENTRAL,35
202319,SUCURSAL SUR,210
202923,BODEGA ZONA 12,353
204021,BODEGA ZONA 12,347
203118,SUCURSAL SUR,141
201585,BODEGA ZONA 12,446
200998,SUCURSAL SUR,294
203797,BODEGA MIXCO,494
200190,CENTRAL,421
201808,CENTRAL,335
201916,BODEGA MIXCO,158
200106,BODEGA MIXCO,89
201268,SUCURSAL SUR,215
201519,BODEGA ZONA 12,116
202589,SUCURSAL SUR,301
202460,CENTRAL,381
204090,SUCURSAL NORTE,368
200020,BODEGA MIXCO,85
201798,SUCURSAL NORTE,341
202021,SUCURSAL NORTE,139
202462,CENTRAL,149
200658,BODEGA ZONA 12,394
201602,BODEGA ZONA 12,4
202622,BODEGA MIXCO,108
201741,BODEGA MIXCO,353
201208,SUCURSAL SUR,432
202243,CENTRAL,235
203107,SUCURSAL SUR,323
200373,SUCURSAL NORTE,405
200909,BODEGA MIXCO,201
203988,BODEGA MIXCO,456
200859,CENTRAL,200
203310,SUCURSAL SUR,350
202601,BODEGA ZONA 12,197
201323,CENTRAL,87
200919,CENTRAL,122
204003,SUCURSAL NORTE,74
201038,CENTRAL,307
202588,SUCURSAL SUR,443
200561,SUCURSAL NORTE,470
203654,SUCURSAL SUR,472
201503,BODEGA ZONA 12,146
202825,SUCURSAL NORTE,447
202614,SUCURSAL NORTE,48
203403,BODEGA ZONA 12,75
201966,CENTRAL,75
202498,BODEGA MIXCO,355
203496,BODEGA MIXCO,57
202464,CENTRAL,351
200562,SUCURSAL NORTE,205
202003,BODEGA ZONA 12,146
200353,BODEGA MIXCO,60
201888,BODEGA ZONA 12,263
202302,BODEGA ZONA 12,488
203535,SUCURSAL SUR,24
200961,BODEGA ZONA 12,283
200797,CENTRAL,415
201920,SUCURSAL SUR,387
203731,SUCURSAL SUR,482
203902,SUCURSAL NORTE,210
200587,SUCURSAL SUR,472
203032,BODEGA ZONA 12,181
202733,SUCURSAL NORTE,240
200371,SUCURSAL NORTE,292
203245,SUCURSAL NORTE,162
203112,CENTRAL,1
203481,BODEGA MIXCO,306
202301,CENTRAL,434
201719,CENTRAL,301
200454,BODEGA ZONA 12,286
200967,CENTRAL,297
201426,BODEGA ZONA 12,8
203165,BODEGA MIXCO,326
201122,BODEGA MIXCO,380
200947,BODEGA ZONA 12,347
201499,SUCURSAL NORTE,333
202008,BODEGA ZONA 12,170
202283,BODEGA MIXCO,17
203901,BODEGA ZONA 12,234
202081,SUCURSAL NORTE,308
203891,BODEGA MIXCO,319
202116,CENTRAL,236
202261,CENTRAL,168
203881,SUCURSAL NORTE,204
203153,BODEGA MIXCO,416
203251,CENTRAL,480
201143,SUCURSAL NORTE,1
200565,SUCURSAL NORTE,380
202109,CENTRAL,486
200799,CENTRAL,57
202719,CENTRAL,288
204059,SUCURSAL NORTE,384
202598,CENTRAL,19
202236,CENTRAL,218
202097,SUCURSAL SUR,242
201495,BODEGA MIXCO,295
201422,CENTRAL,403
200637,SUCURSAL SUR,16
202210,BODEGA MIXCO,258
202970,BODEGA MIXCO,293
200281,BODEGA ZONA 12,451
201622,SUCURSAL SUR,27
203415,BODEGA MIXCO,137
200997,BODEGA ZONA 12,0
203462,CENTRAL,29
203180,SUCURSAL SUR,14
201929,CENTRAL,216
201356,BODEGA MIXCO,251
204050,BODEGA ZONA 12,39
202466,BODEGA ZONA 12,170
201826,SUCURSAL SUR,151
200586,SUCURSAL NORTE,214
203650,SUCURSAL NORTE,486
201304,CENTRAL,384
200566,SUCURSAL NORTE,177
200439,SUCURSAL NORTE,371
203989,CENTRAL,402
201506,CENTRAL,179
201686,CENTRAL,193
204035,SUCURSAL SUR,210
200021,SUCURSAL NORTE,267
200230,SUCURSAL NORTE,233
201439,CENTRAL,364
200717,SUCURSAL NORTE,136
201552,CENTRAL,337
202282,CENTRAL,290
200273,CENTRAL,468
201583,BODEGA ZONA 12,291
200507,SUCURSAL SUR,438
201264,BODEGA MIXCO,143
201436,SUCURSAL SUR,35
200606,SUCURSAL NORTE,254
204054,SUCURSAL NORTE,206
203091,SUCURSAL NORTE,212
202396,BODEGA ZONA 12,336
203734,SUCURSAL SUR,457
203541,CENTRAL,500
201150,SUCURSAL NORTE,-1
204020,SUCURSAL SUR,119
203021,BODEGA MIXCO,152
202638,SUCURSAL NORTE,167
203896,BODEGA MIXCO,365
202064,SUCURSAL NORTE,120
200292,SUCURSAL NORTE,302
204039,BODEGA ZONA 12,476
202611,CENTRAL,498
201695,CENTRAL,265
201296,BODEGA ZONA 12,268
200097,CENTRAL,411
200990,CENTRAL,249
200528,BODEGA ZONA 12,442
201714,SUCURSAL NORTE,134
200971,BODEGA ZONA 12,406
202570,SUCURSAL SUR,447
203304,CENTRAL,89
203678,SUCURSAL SUR,462
203930,SUCURSAL SUR,27
202960,BODEGA ZONA 12,90
202183,SUCURSAL NORTE,244
200928,BODEGA MIXCO,414
203632,SUCURSAL NORTE,198
200750,SUCURSAL SUR,463
203963,SUCURSAL SUR,148
202429,CENTRAL,4
204078,BODEGA MIXCO,271
204049,SUCURSAL SUR,342
202394,SUCURSAL SUR,185
201663,SUCURSAL SUR,-10
200529,CENTRAL,430
202024,SUCURSAL SUR,121
203018,BODEGA MIXCO,258
202680,BODEGA MIXCO,363
203012,BODEGA MIXCO,10
201873,CENTRAL,38
201266,SUCURSAL SUR,132
201761,BODEGA ZONA 12,48
201055,BODEGA ZONA 12,442
202994,BODEGA MIXCO,440
201053,SUCURSAL NORTE,333
201062,BODEGA MIXCO,276
201290,CENTRAL,86
200835,BODEGA ZONA 12,94
203384,BODEGA MIXCO,407
200066,BODEGA MIXCO,331
201681,SUCURSAL SUR,319
203044,SUCURSAL SUR,412
203962,BODEGA MIXCO,194
204027,CENTRAL,223
200434,SUCURSAL NORTE,216
201151,SUCURSAL SUR,371
200006,SUCURSAL NORTE,0
202937,CENTRAL,360
202817,SUCURSAL NORTE,198
203777,BODEGA MIXCO,151
200548,SUCURSAL NORTE,399
200196,CENTRAL,365
200050,BODEGA ZONA 12,443
203970,SUCURSAL SUR,424
201333,BODEGA ZONA 12,296
202760,BODEGA MIXCO,142
200022,BODEGA MIXCO,206
200531,BODEGA ZONA 12,459
200185,SUCURSAL NORTE,112
201468,SUCURSAL NORTE,364
200570,SUCURSAL NORTE,319
201094,SUCURSAL NORTE,483
202606,BODEGA ZONA 12,478
200576,SUCURSAL NORTE,294
202512,SUCURSAL NORTE,201
203800,BODEGA MIXCO,229
201332,SUCURSAL SUR,185
203982,BODEGA ZONA 12,421
203503,SUCURSAL NORTE,14
201406,BODEGA MIXCO,406
203055,SUCURSAL SUR,149
200882,BODEGA MIXCO,305
202929,BODEGA ZONA 12,308
203356,BODEGA MIXCO,101
202129,SUCURSAL SUR,45
203931,CENTRAL,412
201195,SUCURSAL SUR,145
200053,BODEGA MIXCO,367
200403,BODEGA MIXCO,397
200953,SUCURSAL NORTE,30
202086,SUCURSAL SUR,180
202985,SUCURSAL SUR,145
200826,SUCURSAL SUR,410
201746,BODEGA ZONA 12,102
203114,BODEGA MIXCO,315
200148,BODEGA MIXCO,38
203299,BODEGA MIXCO,181
201447,BODEGA ZONA 12,185
200938,BODEGA ZONA 12,127
201174,BODEGA ZONA 12,71
201771,BODEGA MIXCO,435
203701,SUCURSAL SUR,67
204009,BODEGA MIXCO,169
203189,BODEGA ZONA 12,0
202225,BODEGA ZONA 12,45
202586,BODEGA MIXCO,441
202702,SUCURSAL NORTE,0
201241,SUCURSAL SUR,48
201848,BODEGA ZONA 12,318
200289,CENTRAL,333
200279,SUCURSAL NORTE,381
201875,SUCURSAL SUR,222
202479,BODEGA MIXCO,9
202608,CENTRAL,343
203681,SUCURSAL SUR,107
201856,BODEGA ZONA 12,234
200643,SUCURSAL SUR,349
200239,CENTRAL,-10
200393,SUCURSAL SUR,236
201368,BODEGA MIXCO,417
201796,CENTRAL,458
204022,BODEGA ZONA 12,153
200150,CENTRAL,311
200334,BODEGA MIXCO,318
200542,BODEGA MIXCO,490
201837,BODEGA ZONA 12,397
200199,BODEGA ZONA 12,166
203669,BODEGA ZONA 12,478
203716,BODEGA MIXCO,209
203816,BODEGA ZONA 12,486
202634,SUCURSAL NORTE,83
201566,CENTRAL,47
201646,BODEGA MIXCO,55
200709,CENTRAL,179
203720,CENTRAL,338
203377,SUCURSAL NORTE,145
200412,BODEGA ZONA 12,419
203674,CENTRAL,403
202023,CENTRAL,359
203537,CENTRAL,324
203045,SUCURSAL NORTE,435
202572,SUCURSAL NORTE,402
202405,SUCURSAL NORTE,335
200135,SUCURSAL SUR,300
202653,BODEGA ZONA 12,192
203703,SUCURSAL NORTE,318
200895,BODEGA ZONA 12,313
202300,CENTRAL,149
200272,BODEGA ZONA 12,33
201249,BODEGA MIXCO,393
201493,SUCURSAL NORTE,304
201576,BODEGA MIXCO,196
201213,SUCURSAL SUR,78
201014,BODEGA MIXCO,360
203308,SUCURSAL NORTE,157
200759,BODEGA ZONA 12,175
203645,SUCURSAL SUR,275
200506,SUCURSAL SUR,190
203280,BODEGA ZONA 12,257
200476,BODEGA MIXCO,327
200624,BODEGA MIXCO,251
201599,CENTRAL,193
203088,CENTRAL,495
201976,BODEGA ZONA 12,323
203673,BODEGA MIXCO,322
201739,BODEGA ZONA 12,223
202293,SUCURSAL NORTE,297
203916,BODEGA MIXCO,253
200689,SUCURSAL SUR,191
201782,CENTRAL,61
201504,SUCURSAL NORTE,279
203785,SUCURSAL NORTE,184
200508,BODEGA MIXCO,362
201245,SUCURSAL SUR,460
201649,CENTRAL,318
201705,BODEGA MIXCO,146
203540,SUCURSAL SUR,372
203128,CENTRAL,212
202251,BODEGA ZONA 12,262
203379,SUCURSAL SUR,497
201279,SUCURSAL SUR,448
200811,SUCURSAL SUR,309
202407,SUCURSAL NORTE,392
201586,CENTRAL,467
203872,SUCURSAL SUR,279
201467,SUCURSAL SUR,-10
202707,CENTRAL,346
202792,BODEGA ZONA 12,17
202563,SUCURSAL NORTE,400
202779,SUCURSAL SUR,33
201814,SUCURSAL NORTE,112
200946,BODEGA MIXCO,364
202643,BODEGA MIXCO,138
201037,BODEGA ZONA 12,448
200141,BODEGA ZONA 12,484
203053,SUCURSAL NORTE,112
202139,SUCURSAL NORTE,452
200794,CENTRAL,245
200782,CENTRAL,252
202063,BODEGA MIXCO,45
203971,BODEGA MIXCO,161
200633,SUCURSAL NORTE,200
203282,CENTRAL,318
201417,BODEGA ZONA 12,419
200445,BODEGA ZONA 12,81
201775,SUCURSAL SUR,184
200391,CENTRAL,116
202031,SUCURSAL NORTE,0
201823,BODEGA MIXCO,449
201141,BODEGA ZONA 12,293
202103,SUCURSAL NORTE,41
201411,BODEGA MIXCO,267
200358,BODEGA ZONA 12,482
202751,BODEGA MIXCO,270
200092,CENTRAL,253
201121,BODEGA MIXCO,104
203574,CENTRAL,120
202252,SUCURSAL SUR,199
203235,SUCURSAL NORTE,210
201307,CENTRAL,32
201452,SUCURSAL NORTE,340
202224,CENTRAL,296
201913,SUCURSAL NORTE,107
202098,BODEGA MIXCO,157
202648,CENTRAL,436
200459,BODEGA ZONA 12,13
202940,BODEGA MIXCO,330
202333,BODEGA ZONA 12,387
202422,CENTRAL,226
201373,CENTRAL,439
200999,SUCURSAL SUR,469
201363,BODEGA MIXCO,37
201196,SUCURSAL NORTE,230
201947,SUCURSAL SUR,341
203625,SUCURSAL NORTE,400
200008,CENTRAL,147
203459,BODEGA MIXCO,160
201934,SUCURSAL SUR,206
201338,SUCURSAL SUR,132
203735,SUCURSAL NORTE,61
203433,BODEGA MIXCO,475
203191,BODEGA MIXCO,65
202327,CENTRAL,27
202866,SUCURSAL SUR,458
201727,BODEGA MIXCO,430
202675,SUCURSAL SUR,243
202027,BODEGA MIXCO,140
201965,CENTRAL,390
203294,BODEGA MIXCO,371
200052,BODEGA MIXCO,146
201011,SUCURSAL NORTE,24
202624,SUCURSAL SUR,128
203237,BODEGA MIXCO,10
203528,SUCURSAL NORTE,49
203300,CENTRAL,124
201114,SUCURSAL SUR,48
203059,CENTRAL,395
200376,BODEGA MIXCO,56
203400,CENTRAL,160
201214,SUCURSAL NORTE,418
203229,SUCURSAL SUR,407
200363,CENTRAL,342
200341,SUCURSAL SUR,424
201391,BODEGA MIXCO,31
202686,CENTRAL,0
203538,CENTRAL,314
202124,BODEGA ZONA 12,307
203923,BODEGA MIXCO,27
200880,CENTRAL,425
200175,BODEGA MIXCO,74
202020,BODEGA MIXCO,164
202385,SUCURSAL SUR,386
203778,SUCURSAL NORTE,394
203031,CENTRAL,326
202377,BODEGA ZONA 12,373
200124,BODEGA ZONA 12,458
202053,BODEGA MIXCO,21
203037,CENTRAL,348
203338,CENTRAL,179
201045,BODEGA ZONA 12,192
201944,BODEGA ZONA 12,157
203160,BODEGA ZONA 12,345
201673,BODEGA MIXCO,407
203765,BODEGA ZONA 12,336
201807,BODEGA MIXCO,220
203093,BODEGA ZONA 12,0
201794,SUCURSAL NORTE,427
201701,SUCURSAL SUR,229
202159,CENTRAL,391
201556,BODEGA MIXCO,436
203607,CENTRAL,365
200879,BODEGA ZONA 12,148
202778,BODEGA MIXCO,293
203290,BODEGA ZONA 12,288
200788,SUCURSAL SUR,195
201610,BODEGA ZONA 12,339
202188,BODEGA MIXCO,436
203649,BODEGA ZONA 12,149
201513,SUCURSAL NORTE,0
202591,SUCURSAL NORTE,246
201953,SUCURSAL SUR,394
202550,BODEGA ZONA 12,412
202754,SUCURSAL NORTE,9
202113,CENTRAL,359
200585,BODEGA MIXCO,0
201785,SUCURSAL NORTE,70
202988,BODEGA MIXCO,492
202762,SUCURSAL SUR,98
203714,BODEGA MIXCO,101
201077,SUCURSAL SUR,295
201046,SUCURSAL SUR,63
202141,CENTRAL,117
202951,CENTRAL,209
202721,SUCURSAL NORTE,449
202186,BODEGA MIXCO,124
203486,BODEGA MIXCO,13
202399,SUCURSAL SUR,142
202397,BODEGA MIXCO,188
204077,BODEGA ZONA 12,347
201265,CENTRAL,-1
202338,BODEGA ZONA 12,146
201282,BODEGA ZONA 12,46
202610,BODEGA MIXCO,420
202258,CENTRAL,489
200906,SUCURSAL SUR,14
200852,CENTRAL,313
203808,BODEGA ZONA 12,13
204011,BODEGA ZONA 12,132
200489,SUCURSAL NORTE,104
201020,BODEGA ZONA 12,264
200085,SUCURSAL SUR,82
200977,BODEGA MIXCO,16
201750,CENTRAL,68
200357,BODEGA ZONA 12,152
201102,CENTRAL,229
201280,BODEGA ZONA 12,404
201486,CENTRAL,110
202559,SUCURSAL NORTE,74
200290,BODEGA MIXCO,477
202750,SUCURSAL NORTE,205
202193,CENTRAL,72
201460,BODEGA ZONA 12,0
202153,SUCURSAL NORTE,63
204055,SUCURSAL SUR,362
203839,SUCURSAL SUR,385
202445,SUCURSAL NORTE,209
202983,BODEGA ZONA 12,237
200164,BODEGA ZONA 12,214
202757,SUCURSAL SUR,474
201936,BODEGA ZONA 12,121
202440,SUCURSAL NORTE,190
200494,SUCURSAL SUR,191
203069,BODEGA ZONA 12,457
202022,CENTRAL,32
203206,BODEGA MIXCO,402
203668,BODEGA MIXCO,63
202244,SUCURSAL SUR,119
202582,SUCURSAL NORTE,380
203407,CENTRAL,63
200793,BODEGA MIXCO,205
201081,BODEGA ZONA 12,177
200900,SUCURSAL SUR,492
200401,CENTRAL,26
202339,SUCURSAL SUR,72
203358,BODEGA ZONA 12,415
203822,SUCURSAL NORTE,9
202602,BODEGA MIXCO,217
203693,CENTRAL,245
203953,BODEGA ZONA 12,78
200448,BODEGA ZONA 12,294
201964,BODEGA MIXCO,296
203657,BODEGA ZONA 12,361
203194,CENTRAL,147
203030,SUCURSAL SUR,281
202885,BODEGA MIXCO,203
200729,CENTRAL,276
202913,BODEGA MIXCO,194
202468,BODEGA ZONA 12,481
201257,BODEGA ZONA 12,380
201628,SUCURSAL NORTE,232
203134,CENTRAL,-10
200697,SUCURSAL SUR,349
203590,SUCURSAL SUR,326
200712,CENTRAL,260
201420,BODEGA ZONA 12,134
201040,BODEGA MIXCO,105
203513,BODEGA ZONA 12,411
201542,BODEGA MIXCO,103
201054,SUCURSAL SUR,255
203780,BODEGA MIXCO,414
203273,CENTRAL,462
202723,SUCURSAL NORTE,492
204086,SUCURSAL NORTE,237
201971,BODEGA MIXCO,112
200462,SUCURSAL SUR,203
203326,SUCURSAL NORTE,451
202126,SUCURSAL NORTE,262
202890,CENTRAL,471
200949,SUCURSAL SUR,435
200423,CENTRAL,27
202569,SUCURSAL SUR,318
201763,SUCURSAL SUR,317
202800,BODEGA ZONA 12,456
203255,BODEGA ZONA 12,419
202130,BODEGA ZONA 12,63
200048,SUCURSAL NORTE,135
203168,SUCURSAL SUR,207
203410,SUCURSAL SUR,374
202336,BODEGA MIXCO,498
201187,CENTRAL,311
203992,SUCURSAL NORTE,235
200128,SUCURSAL SUR,179
200469,BODEGA ZONA 12,313
201946,BODEGA ZONA 12,121
201059,SUCURSAL SUR,82
200007,SUCURSAL NORTE,454
203331,BODEGA MIXCO,379
200889,BODEGA MIXCO,270
200151,SUCURSAL NORTE,448
201951,SUCURSAL NORTE,265
201789,SUCURSAL NORTE,331
203819,BODEGA ZONA 12,361
201405,BODEGA ZONA 12,382
202991,BODEGA MIXCO,480
203875,CENTRAL,300
201833,CENTRAL,27
202794,CENTRAL,117
200117,BODEGA MIXCO,199
200208,SUCURSAL SUR,69
202382,SUCURSAL SUR,301
202146,CENTRAL,483
202367,CENTRAL,320
201668,SUCURSAL NORTE,116
203404,BODEGA ZONA 12,281
202740,CENTRAL,214
200980,SUCURSAL SUR,45
201863,SUCURSAL NORTE,307
202015,SUCURSAL SUR,380
201491,BODEGA MIXCO,342
201457,SUCURSAL SUR,357
200511,SUCURSAL SUR,-10
201300,BODEGA ZONA 12,321
200430,CENTRAL,203
203430,BODEGA MIXCO,316
203599,BODEGA ZONA 12,206
203104,BODEGA ZONA 12,317
202717,SUCURSAL NORTE,236
201036,BODEGA ZONA 12,92
202434,SUCURSAL SUR,301
203940,SUCURSAL NORTE,128
201961,SUCURSAL SUR,354
202541,SUCURSAL NORTE,457
201383,CENTRAL,8
200560,CENTRAL,500
201277,BODEGA ZONA 12,74
200193,BODEGA ZONA 12,117
203472,CENTRAL,12
202939,SUCURSAL SUR,319
203456,SUCURSAL SUR,200
203955,SUCURSAL SUR,339
201160,SUCURSAL SUR,76
202562,BODEGA ZONA 12,113
201879,SUCURSAL SUR,309
200870,BODEGA ZONA 12,241
201365,BODEGA ZONA 12,0
203772,SUCURSAL SUR,134
201138,SUCURSAL NORTE,50
202203,SUCURSAL SUR,458
202010,SUCURSAL SUR,299
201650,BODEGA ZONA 12,407
200019,BODEGA ZONA 12,192
202274,SUCURSAL NORTE,144
200313,CENTRAL,244
202344,BODEGA MIXCO,174
202972,BODEGA ZONA 12,479
201930,CENTRAL,165
202879,SUCURSAL SUR,342
201337,BODEGA MIXCO,349
201690,BODEGA MIXCO,6
201638,SUCURSAL SUR,356
202316,BODEGA ZONA 12,329
201987,BODEGA MIXCO,330
201949,SUCURSAL SUR,40
201857,BODEGA MIXCO,118
203205,SUCURSAL SUR,415
203671,SUCURSAL SUR,415
200978,SUCURSAL NORTE,307
200248,BODEGA ZONA 12,327
203305,SUCURSAL SUR,63
202473,SUCURSAL NORTE,231
200887,SUCURSAL NORTE,203
200583,BODEGA MIXCO,-10
201533,CENTRAL,213
201168,SUCURSAL NORTE,220
201743,BODEGA MIXCO,168
203973,SUCURSAL SUR,119
202122,CENTRAL,362
200986,BODEGA MIXCO,382
201584,SUCURSAL NORTE,244
203577,SUCURSAL SUR,440
200682,BODEGA MIXCO,444
201107,BODEGA MIXCO,48
202427,CENTRAL,372
203084,BODEGA MIXCO,23
200271,BODEGA ZONA 12,184
202219,CENTRAL,395
202604,BODEGA ZONA 12,440
200335,CENTRAL,477
200057,BODEGA ZONA 12,115
200970,SUCURSAL NORTE,495
202536,CENTRAL,27
201846,CENTRAL,175
201313,CENTRAL,214
202074,BODEGA ZONA 12,156
202111,CENTRAL,221
203546,BODEGA MIXCO,15
200505,BODEGA ZONA 12,366
204024,BODEGA ZONA 12,57
202908,BODEGA ZONA 12,168
202046,SUCURSAL SUR,51
200127,BODEGA MIXCO,223
201744,SUCURSAL NORTE,377
202357,BODEGA ZONA 12,136
202306,BODEGA MIXCO,379
203542,BODEGA ZONA 12,110
201030,BODEGA ZONA 12,230
202773,BODEGA MIXCO,42
203501,SUCURSAL NORTE,4
200864,BODEGA MIXCO,202
200181,CENTRAL,98
203849,CENTRAL,137
200275,SUCURSAL SUR,88
202144,SUCURSAL SUR,167
200552,BODEGA MIXCO,415
203439,CENTRAL,286
204060,BODEGA MIXCO,6
200671,CENTRAL,123
201397,CENTRAL,499
201215,SUCURSAL NORTE,268
203627,BODEGA MIXCO,78
203147,CENTRAL,237
201244,BODEGA MIXCO,416
200242,BODEGA MIXCO,116
202574,BODEGA ZONA 12,202
201732,BODEGA ZONA 12,289
202048,SUCURSAL SUR,78
201635,CENTRAL,223
202900,BODEGA MIXCO,6
202673,SUCURSAL SUR,278
202423,BODEGA MIXCO,344
202809,SUCURSAL NORTE,314
202642,BODEGA ZONA 12,164
201259,CENTRAL,332
202334,SUCURSAL NORTE,0
203227,BODEGA MIXCO,209
202137,BODEGA MIXCO,91
201645,BODEGA MIXCO,486
201281,BODEGA MIXCO,357
202674,SUCURSAL NORTE,481
202935,CENTRAL,287
201025,BODEGA ZONA 12,314
200114,BODEGA ZONA 12,385
202516,SUCURSAL NORTE,287
202980,BODEGA MIXCO,211
203584,SUCURSAL NORTE,477
202458,BODEGA MIXCO,19
202858,BODEGA MIXCO,21
203008,BODEGA ZONA 12,45
203646,SUCURSAL NORTE,249
200795,BODEGA MIXCO,0
201858,SUCURSAL SUR,237
201227,BODEGA MIXCO,186
203256,CENTRAL,259
201210,SUCURSAL SUR,60
202546,SUCURSAL SUR,97
203675,BODEGA ZONA 12,429
203387,SUCURSAL NORTE,19
201708,BODEGA ZONA 12,166
201425,SUCURSAL SUR,48
203105,BODEGA ZONA 12,-10
200644,BODEGA MIXCO,195
203517,SUCURSAL NORTE,7
200641,BODEGA MIXCO,404
201759,SUCURSAL SUR,418
201199,SUCURSAL NORTE,461
200024,SUCURSAL NORTE,166
203426,BODEGA MIXCO,267
200029,BODEGA MIXCO,366
203835,BODEGA ZONA 12,182
203805,BODEGA MIXCO,210
202906,SUCURSAL NORTE,123
203460,BODEGA ZONA 12,364
203000,SUCURSAL SUR,241
202324,BODEGA MIXCO,216
201574,SUCURSAL SUR,313
203631,SUCURSAL NORTE,157
200152,SUCURSAL SUR,399
203722,BODEGA MIXCO,11
202117,BODEGA ZONA 12,199
202165,SUCURSAL NORTE,339
201173,BODEGA MIXCO,252
203644,CENTRAL,341
200636,CENTRAL,464
201396,SUCURSAL NORTE,367
203470,SUCURSAL NORTE,162
203054,BODEGA MIXCO,53
200380,BODEGA MIXCO,172
201514,SUCURSAL SUR,72
201051,SUCURSAL NORTE,180
200061,SUCURSAL SUR,74
203615,SUCURSAL SUR,439
201570,BODEGA MIXCO,26
200413,BODEGA ZONA 12,110
201389,CENTRAL,104
202438,CENTRAL,265
203380,SUCURSAL NORTE,327
201343,SUCURSAL SUR,69
202209,BODEGA ZONA 12,334
203383,CENTRAL,324
201802,SUCURSAL NORTE,194
201909,CENTRAL,392
201679,SUCURSAL SUR,129
200013,BODEGA ZONA 12,85
200646,CENTRAL,68
201512,BODEGA MIXCO,67
201103,SUCURSAL SUR,250
202348,SUCURSAL SUR,237
203659,CENTRAL,213
202401,SUCURSAL SUR,462
203265,BODEGA MIXCO,432
203048,CENTRAL,46
200681,CENTRAL,336
202741,BODEGA ZONA 12,186
200109,BODEGA MIXCO,107
200167,BODEGA MIXCO,205
203339,SUCURSAL SUR,405
200735,BODEGA MIXCO,344
200772,BODEGA MIXCO,239
200198,CENTRAL,-1
200609,CENTRAL,337
203583,SUCURSAL SUR,408
203474,CENTRAL,403
203661,SUCURSAL SUR,62
200730,BODEGA MIXCO,38
200360,SUCURSAL NORTE,242
202815,CENTRAL,25
203243,SUCURSAL NORTE,25
201309,SUCURSAL SUR,355
201242,CENTRAL,250
201729,CENTRAL,146
201537,SUCURSAL NORTE,364
202475,SUCURSAL NORTE,213
202455,SUCURSAL NORTE,364
202938,BODEGA ZONA 12,189
201465,CENTRAL,-1
201239,CENTRAL,198
202296,SUCURSAL SUR,243
203090,CENTRAL,-1
203562,SUCURSAL SUR,272
201340,CENTRAL,172
200521,BODEGA ZONA 12,30
201960,BODEGA ZONA 12,214
204094,CENTRAL,432
200362,SUCURSAL SUR,309
203549,BODEGA MIXCO,357
201874,SUCURSAL NORTE,409
201779,BODEGA ZONA 12,357
202660,BODEGA ZONA 12,351
203370,CENTRAL,19
200575,BODEGA ZONA 12,59
200131,CENTRAL,480
202814,CENTRAL,272
200207,SUCURSAL SUR,288
204036,BODEGA MIXCO,156
201322,SUCURSAL NORTE,446
200446,SUCURSAL SUR,197
201711,BODEGA ZONA 12,475
200801,BODEGA MIXCO,177
200480,SUCURSAL SUR,484
203269,BODEGA MIXCO,454
202571,CENTRAL,41
201380,BODEGA MIXCO,453
202226,BODEGA MIXCO,223
203171,CENTRAL,1
203132,BODEGA MIXCO,289
202185,SUCURSAL SUR,385
201549,SUCURSAL SUR,327
200601,CENTRAL,208
202522,SUCURSAL NORTE,342
203917,SUCURSAL NORTE,491
202037,SUCURSAL NORTE,62
201671,BODEGA ZONA 12,481
200817,CENTRAL,376
201247,SUCURSAL NORTE,326
201145,BODEGA MIXCO,220
203626,BODEGA ZONA 12,163
202198,CENTRAL,491
200125,SUCURSAL NORTE,485
203663,BODEGA MIXCO,343
201685,SUCURSAL SUR,153
203878,BODEGA ZONA 12,414
202891,BODEGA MIXCO,87
200588,SUCURSAL SUR,181
201905,SUCURSAL NORTE,412
203877,SUCURSAL NORTE,429
201110,SUCURSAL SUR,67
202705,CENTRAL,476
204057,BODEGA MIXCO,130
201886,CENTRAL,291
200266,CENTRAL,273
202230,SUCURSAL NORTE,497
202136,BODEGA ZONA 12,245
202038,BODEGA ZONA 12,285
202515,BODEGA MIXCO,351
200654,SUCURSAL SUR,476
201717,CENTRAL,135
204100,BODEGA MIXCO,211
200568,SUCURSAL SUR,458
203386,CENTRAL,26
201080,SUCURSAL SUR,284
202832,SUCURSAL SUR,274
203679,SUCURSAL SUR,159
203995,BODEGA MIXCO,226
203111,SUCURSAL SUR,392
200825,SUCURSAL NORTE,421
202088,BODEGA MIXCO,360
203951,SUCURSAL NORTE,293
203981,SUCURSAL NORTE,309
200964,BODEGA ZONA 12,227
202827,BODEGA MIXCO,64
203723,BODEGA MIXCO,411
202093,SUCURSAL NORTE,462
200435,SUCURSAL SUR,162
202018,BODEGA MIXCO,266
202538,BODEGA MIXCO,32
202666,BODEGA MIXCO,257
202564,SUCURSAL SUR,-1
201853,SUCURSAL SUR,300
202062,CENTRAL,336
202080,BODEGA MIXCO,13
203092,SUCURSAL SUR,326
201013,SUCURSAL SUR,497
202453,BODEGA ZONA 12,207
203998,CENTRAL,266
200123,BODEGA ZONA 12,151
200493,CENTRAL,378
202305,BODEGA ZONA 12,214
201419,SUCURSAL NORTE,46
202263,SUCURSAL NORTE,308
202889,BODEGA MIXCO,273
202949,SUCURSAL NORTE,33
200822,BODEGA MIXCO,496
200749,BODEGA ZONA 12,93
203606,BODEGA MIXCO,245
202784,SUCURSAL SUR,400
201765,SUCURSAL SUR,0
200634,BODEGA ZONA 12,318
203869,BODEGA MIXCO,222
200982,CENTRAL,135
203826,SUCURSAL SUR,473
200973,CENTRAL,185
202878,SUCURSAL NORTE,333
203994,SUCURSAL SUR,320
203719,SUCURSAL NORTE,179
200613,BODEGA ZONA 12,485
201490,SUCURSAL NORTE,305
200790,BODEGA MIXCO,12
203236,SUCURSAL SUR,235
202715,BODEGA MIXCO,7
203802,SUCURSAL NORTE,179
203935,BODEGA ZONA 12,12
202984,BODEGA ZONA 12,47
203618,SUCURSAL SUR,461
203520,BODEGA ZONA 12,201
202594,SUCURSAL NORTE,111
201917,BODEGA MIXCO,318
200755,BODEGA MIXCO,450
200878,BODEGA ZONA 12,399
201286,BODEGA MIXCO,279
202191,CENTRAL,325
202413,SUCURSAL SUR,55
203828,SUCURSAL SUR,333
201616,CENTRAL,445
203550,BODEGA MIXCO,416
203492,CENTRAL,50
202500,SUCURSAL SUR,325
201291,CENTRAL,127
203779,BODEGA MIXCO,2
201133,BODEGA MIXCO,466
203987,SUCURSAL SUR,399
203761,SUCURSAL NORTE,286
201022,BODEGA MIXCO,287
203525,SUCURSAL NORTE,425
203327,SUCURSAL SUR,62
200040,CENTRAL,99
201817,CENTRAL,83
202698,CENTRAL,416
200897,SUCURSAL NORTE,296
200884,SUCURSAL NORTE,277
202959,BODEGA ZONA 12,191
201534,BODEGA ZONA 12,17
201755,CENTRAL,115
203457,SUCURSAL SUR,442
203750,SUCURSAL SUR,62
202128,SUCURSAL SUR,36
203257,SUCURSAL NORTE,411
202786,CENTRAL,113
202416,SUCURSAL SUR,444
202843,BODEGA MIXCO,334
200567,BODEGA MIXCO,354
204029,BODEGA MIXCO,11
203929,SUCURSAL SUR,188
201334,BODEGA MIXCO,252
200547,BODEGA MIXCO,437
203156,SUCURSAL SUR,296
200768,SUCURSAL SUR,336
203556,SUCURSAL SUR,487
200011,CENTRAL,348
203076,CENTRAL,186
203187,SUCURSAL SUR,0
203845,BODEGA ZONA 12,-1
202781,CENTRAL,286
202248,BODEGA MIXCO,260
202576,CENTRAL,-10
203344,CENTRAL,439
201866,SUCURSAL SUR,72
200256,CENTRAL,68
203197,CENTRAL,326
200322,BODEGA ZONA 12,476
202499,BODEGA ZONA 12,295
201270,CENTRAL,327
201182,SUCURSAL NORTE,496
200070,BODEGA ZONA 12,360
200305,CENTRAL,236
200827,SUCURSAL NORTE,390
202687,CENTRAL,225
203683,BODEGA MIXCO,42
202755,SUCURSAL NORTE,113
202443,SUCURSAL NORTE,55
200510,SUCURSAL NORTE,25
202107,SUCURSAL SUR,487
201684,SUCURSAL SUR,13
200351,SUCURSAL SUR,0
201186,CENTRAL,49
201656,SUCURSAL NORTE,69
203330,BODEGA ZONA 12,92
201137,BODEGA MIXCO,6
202722,BODEGA MIXCO,419
200962,CENTRAL,156
203149,CENTRAL,408
200456,BODEGA ZONA 12,28
202749,BODEGA ZONA 12,122
201455,SUCURSAL SUR,217
202435,CENTRAL,73
203880,CENTRAL,470
203561,BODEGA MIXCO,255
201438,BODEGA MIXCO,88
200848,BODEGA ZONA 12,117
200898,CENTRAL,313
202540,BODEGA ZONA 12,-1
201273,SUCURSAL SUR,296
203454,SUCURSAL SUR,335
200137,SUCURSAL SUR,270
203293,SUCURSAL NORTE,259
203267,BODEGA MIXCO,81
201111,BODEGA ZONA 12,165
203248,BODEGA ZONA 12,93
203186,SUCURSAL NORTE,277
200752,BODEGA MIXCO,-10
200700,CENTRAL,98
200635,BODEGA MIXCO,442
201559,BODEGA MIXCO,228
203979,SUCURSAL NORTE,0
203585,BODEGA ZONA 12,288
200966,CENTRAL,161
200860,SUCURSAL SUR,82
200147,SUCURSAL NORTE,305
202997,SUCURSAL NORTE,158
203581,SUCURSAL SUR,116
201710,SUCURSAL SUR,4
203634,CENTRAL,413
202237,SUCURSAL SUR,448
200300,SUCURSAL SUR,444
203757,SUCURSAL SUR,366
200497,BODEGA MIXCO,475
202683,BODEGA ZONA 12,341
200160,BODEGA ZONA 12,421
202856,SUCURSAL NORTE,153
201661,BODEGA ZONA 12,402
202481,BODEGA ZONA 12,301
201925,BODEGA ZONA 12,268
200078,BODEGA ZONA 12,376
201052,CENTRAL,254
202095,CENTRAL,85
203773,SUCURSAL NORTE,329
203635,SUCURSAL NORTE,341
201758,BODEGA ZONA 12,223
201790,SUCURSAL SUR,150
203027,BODEGA ZONA 12,159
201707,SUCURSAL SUR,380
200927,BODEGA MIXCO,465
200414,SUCURSAL SUR,207
202830,SUCURSAL SUR,476
201720,SUCURSAL NORTE,95
202227,SUCURSAL NORTE,275
204073,SUCURSAL NORTE,344
203174,BODEGA MIXCO,177
201820,SUCURSAL SUR,234
200672,SUCURSAL NORTE,391
201235,SUCURSAL NORTE,153
200573,CENTRAL,296
201382,CENTRAL,100
202217,BODEGA ZONA 12,467
204004,SUCURSAL NORTE,489
200223,CENTRAL,407
200777,SUCURSAL NORTE,113
201723,BODEGA ZONA 12,350
201704,BODEGA ZONA 12,335
202496,BODEGA ZONA 12,212
200660,SUCURSAL SUR,242
202281,CENTRAL,5
200383,SUCURSAL SUR,237
202911,SUCURSAL NORTE,392
200985,SUCURSAL NORTE,168
201521,BODEGA MIXCO,236
202880,SUCURSAL SUR,96
203617,SUCURSAL SUR,65
201358,BODEGA ZONA 12,460
201179,CENTRAL,219
202490,SUCURSAL SUR,0
203928,CENTRAL,252
202470,BODEGA ZONA 12,462
202701,SUCURSAL NORTE,211
202421,BODEGA MIXCO,380
201630,CENTRAL,432
203666,BODEGA MIXCO,408
203793,SUCURSAL NORTE,152
202354,BODEGA MIXCO,157
202864,CENTRAL,300
202231,CENTRAL,471
202222,CENTRAL,428
203933,BODEGA MIXCO,190
200204,SUCURSAL SUR,52
203080,SUCURSAL NORTE,236
203113,BODEGA ZONA 12,53
203283,SUCURSAL SUR,5
204083,CENTRAL,492
203239,SUCURSAL NORTE,0
200356,SUCURSAL NORTE,325
203343,BODEGA MIXCO,221
202011,BODEGA ZONA 12,314
202308,SUCURSAL NORTE,448
201737,CENTRAL,0
202530,SUCURSAL NORTE,296
200957,CENTRAL,258
202835,BODEGA MIXCO,424
200425,CENTRAL,112
203763,CENTRAL,490
201398,BODEGA MIXCO,169
203100,BODEGA ZONA 12,392
202621,CENTRAL,75
203711,BODEGA MIXCO,437
201657,BODEGA MIXCO,227
202877,SUCURSAL NORTE,263
201024,SUCURSAL SUR,287
201529,SUCURSAL SUR,152
201440,SUCURSAL NORTE,379
203977,SUCURSAL NORTE,284
200315,BODEGA ZONA 12,42
204098,SUCURSAL NORTE,92
201996,BODEGA MIXCO,163
200651,SUCURSAL NORTE,191
200630,CENTRAL,206
202767,BODEGA MIXCO,268
202076,CENTRAL,187
202616,SUCURSAL NORTE,414
201212,SUCURSAL SUR,325
200856,BODEGA ZONA 12,398
203006,SUCURSAL SUR,259
200595,SUCURSAL SUR,65
201012,SUCURSAL NORTE,21
202909,SUCURSAL SUR,1
202850,SUCURSAL NORTE,397
201596,SUCURSAL SUR,284
203972,SUCURSAL SUR,372
201271,SUCURSAL NORTE,226
200484,SUCURSAL NORTE,432
201652,CENTRAL,278
201851,BODEGA ZONA 12,438
203184,BODEGA ZONA 12,79
201722,BODEGA MIXCO,396
200886,SUCURSAL SUR,136
200501,SUCURSAL NORTE,218
201350,SUCURSAL SUR,490
202524,BODEGA ZONA 12,314
202892,SUCURSAL NORTE,347
201535,BODEGA MIXCO,279
203705,BODEGA MIXCO,39
202342,SUCURSAL NORTE,302
202842,SUCURSAL SUR,101
201672,SUCURSAL NORTE,0
203688,CENTRAL,315
200382,BODEGA MIXCO,195
200416,SUCURSAL SUR,160
201882,SUCURSAL SUR,220
202531,CENTRAL,180
201156,CENTRAL,248
201458,SUCURSAL SUR,91
200503,BODEGA ZONA 12,454
200995,SUCURSAL SUR,106
201629,BODEGA ZONA 12,359
202294,SUCURSAL NORTE,58
202043,SUCURSAL SUR,352
204087,CENTRAL,441
203511,BODEGA ZONA 12,382
202690,CENTRAL,392
202774,SUCURSAL SUR,279
203279,CENTRAL,431
200844,BODEGA MIXCO,286
202579,BODEGA ZONA 12,17
203177,SUCURSAL SUR,393
203736,CENTRAL,183
202304,BODEGA MIXCO,410
200780,BODEGA MIXCO,476
202322,CENTRAL,7
201086,SUCURSAL NORTE,147
200845,SUCURSAL NORTE,375
202904,BODEGA ZONA 12,419
201659,BODEGA MIXCO,381
202788,SUCURSAL NORTE,93
200047,BODEGA MIXCO,493
200477,BODEGA MIXCO,156
200711,CENTRAL,453
202448,SUCURSAL NORTE,62
201579,BODEGA MIXCO,64
202497,SUCURSAL NORTE,262
201043,SUCURSAL SUR,176
203815,BODEGA MIXCO,214
203859,BODEGA ZONA 12,4
201105,BODEGA MIXCO,475
203811,CENTRAL,261
202769,CENTRAL,77
202734,CENTRAL,413
202657,CENTRAL,217
202178,BODEGA MIXCO,123
201797,SUCURSAL NORTE,83
200779,BODEGA MIXCO,294
201923,BODEGA ZONA 12,211
200515,CENTRAL,486
201614,CENTRAL,263
202454,BODEGA MIXCO,19
200806,CENTRAL,456
203041,BODEGA MIXCO,0
202162,CENTRAL,447
200981,SUCURSAL NORTE,419
201000,CENTRAL,462
200056,BODEGA ZONA 12,470
200883,BODEGA MIXCO,73
201041,CENTRAL,483
203478,SUCURSAL SUR,78
202896,SUCURSAL SUR,-1
201433,SUCURSAL NORTE,156
200796,SUCURSAL SUR,24
201733,BODEGA MIXCO,336
200894,SUCURSAL NORTE,182
201832,SUCURSAL SUR,342
200385,BODEGA MIXCO,399
201098,BODEGA ZONA 12,436
201950,SUCURSAL NORTE,17
200270,BODEGA ZONA 12,239
200134,BODEGA ZONA 12,221
201473,BODEGA ZONA 12,299
201631,SUCURSAL NORTE,182
201762,BODEGA ZONA 12,334
200037,CENTRAL,107
203345,BODEGA ZONA 12,39
203458,SUCURSAL NORTE,0
202523,BODEGA ZONA 12,9
201087,SUCURSAL SUR,279
203176,CENTRAL,152
201609,SUCURSAL NORTE,34
202583,BODEGA MIXCO,155
200224,SUCURSAL NORTE,238
201540,BODEGA MIXCO,50
203565,SUCURSAL SUR,159
200553,SUCURSAL NORTE,250
200518,CENTRAL,435
200030,SUCURSAL NORTE,304
202451,BODEGA ZONA 12,21
203014,SUCURSAL SUR,87
202526,BODEGA MIXCO,-1
203897,SUCURSAL NORTE,340
200903,SUCURSAL SUR,496
201325,SUCURSAL NORTE,382
202954,SUCURSAL SUR,419
200976,BODEGA ZONA 12,218
203745,BODEGA ZONA 12,80
203389,BODEGA ZONA 12,313
203397,BODEGA MIXCO,48
200745,BODEGA ZONA 12,3
202135,BODEGA MIXCO,7
203758,SUCURSAL SUR,112
203718,CENTRAL,10
203689,BODEGA MIXCO,355
200016,BODEGA ZONA 12,265
201371,SUCURSAL SUR,181
203920,CENTRAL,341
203455,BODEGA ZONA 12,357
202276,BODEGA ZONA 12,276
201076,BODEGA MIXCO,121
201031,BODEGA MIXCO,483
203469,BODEGA MIXCO,241
203365,CENTRAL,396
200280,SUCURSAL SUR,310
200702,BODEGA MIXCO,296
201297,BODEGA MIXCO,0
203836,BODEGA MIXCO,228
200009,CENTRAL,37
201084,SUCURSAL SUR,54
203440,SUCURSAL SUR,358
201275,CENTRAL,300
201008,SUCURSAL NORTE,55
203413,CENTRAL,404
201876,CENTRAL,297
201462,CENTRAL,32
201088,BODEGA MIXCO,117
200738,BODEGA MIXCO,172
203598,BODEGA MIXCO,394
202247,BODEGA MIXCO,447
200093,CENTRAL,202
202131,CENTRAL,83
202987,CENTRAL,364
200250,CENTRAL,162
200741,SUCURSAL NORTE,98
201589,SUCURSAL NORTE,366
201700,SUCURSAL NORTE,123
201828,CENTRAL,234
201430,SUCURSAL SUR,133
203624,BODEGA MIXCO,99
203943,SUCURSAL NORTE,120
203926,SUCURSAL SUR,143
203183,BODEGA MIXCO,337
203479,SUCURSAL SUR,423
200736,SUCURSAL SUR,293
202004,BODEGA ZONA 12,203
203747,SUCURSAL NORTE,304
203651,CENTRAL,75
200539,BODEGA ZONA 12,252
204058,SUCURSAL NORTE,455
201896,SUCURSAL NORTE,85
200915,SUCURSAL SUR,41
202368,BODEGA ZONA 12,12
203349,BODEGA MIXCO,6
202246,SUCURSAL SUR,247
201611,SUCURSAL SUR,229
202777,BODEGA MIXCO,331
202017,BODEGA MIXCO,190
201384,BODEGA MIXCO,205
201526,SUCURSAL NORTE,185
201778,SUCURSAL NORTE,150
201149,SUCURSAL SUR,322
200071,BODEGA ZONA 12,176
204092,SUCURSAL NORTE,213
202045,SUCURSAL SUR,449
202196,BODEGA ZONA 12,301
201939,SUCURSAL NORTE,159
202659,BODEGA ZONA 12,176
203708,CENTRAL,335
202871,BODEGA MIXCO,202
201298,SUCURSAL SUR,386
201454,SUCURSAL SUR,107
202725,BODEGA ZONA 12,4
203094,BODEGA MIXCO,-10
202894,SUCURSAL NORTE,175
203610,BODEGA MIXCO,119
202510,BODEGA ZONA 12,452
202179,SUCURSAL SUR,0
200442,SUCURSAL NORTE,124
203057,BODEGA MIXCO,102
203136,SUCURSAL NORTE,475
200924,BODEGA ZONA 12,426
201725,SUCURSAL SUR,367
202932,BODEGA ZONA 12,33
203892,BODEGA ZONA 12,378
204015,SUCURSAL NORTE,18
202016,SUCURSAL SUR,458
202148,SUCURSAL SUR,395
201562,SUCURSAL NORTE,203
202197,SUCURSAL SUR,26
201502,BODEGA ZONA 12,208
202695,SUCURSAL NORTE,427
200269,SUCURSAL SUR,67
201163,SUCURSAL SUR,34
200277,SUCURSAL NORTE,340
202893,BODEGA ZONA 12,439
200713,CENTRAL,249
203587,BODEGA MIXCO,179
204040,SUCURSAL SUR,157
203497,SUCURSAL NORTE,261
203509,SUCURSAL SUR,-1
201780,SUCURSAL SUR,430
202691,BODEGA MIXCO,227
203756,SUCURSAL SUR,426
200523,BODEGA MIXCO,30
202618,BODEGA ZONA 12,409
200686,BODEGA MIXCO,466
201900,SUCURSAL NORTE,499
201892,BODEGA ZONA 12,331
201753,SUCURSAL NORTE,463
200058,BODEGA ZONA 12,120
203628,CENTRAL,333
203154,SUCURSAL NORTE,336
203817,SUCURSAL SUR,145
202694,SUCURSAL NORTE,158
200372,BODEGA ZONA 12,255
202075,BODEGA ZONA 12,66
200299,BODEGA ZONA 12,128
203214,SUCURSAL SUR,60
202029,SUCURSAL SUR,76
201937,BODEGA ZONA 12,111
203729,BODEGA MIXCO,412
200470,CENTRAL,175
204064,SUCURSAL SUR,347
200659,SUCURSAL SUR,0
201181,BODEGA MIXCO,31
203776,BODEGA MIXCO,138
201381,CENTRAL,83
201198,BODEGA MIXCO,54
200992,SUCURSAL NORTE,407
201443,SUCURSAL NORTE,212
203677,BODEGA MIXCO,0
201047,CENTRAL,0
202380,SUCURSAL NORTE,87
203086,SUCURSAL SUR,77
201085,CENTRAL,222
202207,BODEGA MIXCO,160
202091,SUCURSAL SUR,446
201459,SUCURSAL NORTE,152
200775,BODEGA ZONA 12,351
203373,BODEGA ZONA 12,258
203325,SUCURSAL NORTE,446
202154,BODEGA ZONA 12,491
203796,CENTRAL,140
201838,BODEGA MIXCO,287
200461,BODEGA MIXCO,133
202143,SUCURSAL NORTE,216
203855,SUCURSAL NORTE,490
201222,CENTRAL,390
201019,SUCURSAL SUR,57
201134,BODEGA ZONA 12,71
200309,SUCURSAL NORTE,29
203133,SUCURSAL NORTE,180
202174,BODEGA MIXCO,161
202956,BODEGA ZONA 12,247
201648,SUCURSAL SUR,370
201986,BODEGA MIXCO,127
203658,CENTRAL,74
200623,BODEGA ZONA 12,267
202658,SUCURSAL NORTE,115
202768,BODEGA MIXCO,408
203066,SUCURSAL NORTE,215
200206,SUCURSAL SUR,261
203846,BODEGA ZONA 12,266
201092,SUCURSAL SUR,195
201190,SUCURSAL SUR,452
200440,CENTRAL,189
201002,BODEGA ZONA 12,85
203311,BODEGA MIXCO,160
202738,SUCURSAL SUR,290
202947,BODEGA MIXCO,278
200291,SUCURSAL NORTE,177
200400,BODEGA MIXCO,276
203423,SUCURSAL SUR,199
202104,BODEGA ZONA 12,407
200283,SUCURSAL SUR,205
203695,BODEGA ZONA 12,118
200596,BODEGA ZONA 12,114
203867,BODEGA MIXCO,179
203494,SUCURSAL SUR,174
202169,BODEGA ZONA 12,246
203075,CENTRAL,342
203465,CENTRAL,73
201029,SUCURSAL SUR,282
203702,CENTRAL,376
200217,BODEGA MIXCO,285
202415,BODEGA MIXCO,338
201231,BODEGA ZONA 12,430
202679,SUCURSAL NORTE,17
202361,BODEGA MIXCO,158
203202,SUCURSAL NORTE,459
202857,BODEGA ZONA 12,15
201001,SUCURSAL NORTE,56
201767,SUCURSAL SUR,26
200346,BODEGA ZONA 12,113
201379,CENTRAL,267
201740,SUCURSAL SUR,145
202625,BODEGA MIXCO,353
203079,BODEGA ZONA 12,58
202392,SUCURSAL NORTE,452
203043,BODEGA ZONA 12,195
201349,CENTRAL,43
200324,CENTRAL,261
201805,SUCURSAL NORTE,284
202818,SUCURSAL NORTE,398
203918,SUCURSAL SUR,462
200179,SUCURSAL NORTE,199
203801,BODEGA ZONA 12,195
200939,SUCURSAL NORTE,24
202249,SUCURSAL SUR,408
203510,SUCURSAL NORTE,134
201801,SUCURSAL SUR,28
200589,SUCURSAL NORTE,239
201262,SUCURSAL SUR,246
203832,BODEGA ZONA 12,47
200342,CENTRAL,46
203445,SUCURSAL NORTE,12
201904,SUCURSAL NORTE,49
202981,SUCURSAL NORTE,21
201522,CENTRAL,108
202388,BODEGA ZONA 12,384
200465,BODEGA MIXCO,463
202986,SUCURSAL NORTE,153
200197,CENTRAL,214
202934,CENTRAL,150
203912,BODEGA MIXCO,197
202772,SUCURSAL NORTE,90
202720,CENTRAL,-10
202478,CENTRAL,388
201948,CENTRAL,354
202411,BODEGA ZONA 12,-10
202406,SUCURSAL SUR,446
202831,SUCURSAL SUR,288
200802,BODEGA ZONA 12,281
203350,BODEGA ZONA 12,500
202805,BODEGA MIXCO,0
200244,BODEGA ZONA 12,262
200958,SUCURSAL NORTE,439
203909,BODEGA ZONA 12,193
203739,CENTRAL,270
203295,BODEGA ZONA 12,246
202309,SUCURSAL SUR,383
200847,BODEGA MIXCO,127
201588,SUCURSAL NORTE,327
201824,BODEGA MIXCO,220
203175,SUCURSAL NORTE,262
201975,BODEGA MIXCO,361
201232,BODEGA ZONA 12,262
200234,BODEGA ZONA 12,139
200833,BODEGA ZONA 12,242
200610,SUCURSAL SUR,108
202264,CENTRAL,60
201518,SUCURSAL SUR,459
202867,CENTRAL,194
202612,BODEGA MIXCO,277
200039,BODEGA ZONA 12,263
202371,SUCURSAL NORTE,143
201757,BODEGA ZONA 12,165
203051,CENTRAL,-10
203291,BODEGA ZONA 12,283
200424,CENTRAL,0
201839,CENTRAL,206
201567,SUCURSAL NORTE,414
200235,SUCURSAL SUR,-1
202290,BODEGA MIXCO,230
203246,CENTRAL,285
203487,BODEGA ZONA 12,1
201331,SUCURSAL SUR,405
202975,BODEGA ZONA 12,417
201305,BODEGA ZONA 12,3
201712,SUCURSAL SUR,464
202560,BODEGA MIXCO,16
201169,SUCURSAL SUR,488
201197,CENTRAL,257
202298,BODEGA ZONA 12,39
200954,SUCURSAL NORTE,142
203354,BODEGA ZONA 12,129
201478,BODEGA MIXCO,11
201481,CENTRAL,364
202089,SUCURSAL SUR,103
201572,SUCURSAL NORTE,143
203378,BODEGA ZONA 12,356
201715,BODEGA ZONA 12,54
200390,BODEGA ZONA 12,137
202966,SUCURSAL SUR,486
202710,BODEGA ZONA 12,331
200680,CENTRAL,10
202628,SUCURSAL SUR,148
202758,SUCURSAL NORTE,440
200161,SUCURSAL NORTE,293
200632,SUCURSAL NORTE,216
201810,SUCURSAL SUR,232
202849,BODEGA ZONA 12,123
200350,BODEGA MIXCO,409
204017,BODEGA ZONA 12,182
201624,SUCURSAL NORTE,262
202804,BODEGA ZONA 12,485
201435,CENTRAL,427
202160,SUCURSAL SUR,403
200267,BODEGA ZONA 12,161
202483,BODEGA MIXCO,378
202347,BODEGA MIXCO,323
200367,CENTRAL,285
200824,SUCURSAL NORTE,478
202291,SUCURSAL SUR,152
203519,BODEGA MIXCO,216
200698,CENTRAL,29
201494,BODEGA MIXCO,499
201792,CENTRAL,76
203692,BODEGA ZONA 12,7
201250,BODEGA ZONA 12,480
203271,SUCURSAL SUR,26
203687,SUCURSAL SUR,231
203172,CENTRAL,40
203505,CENTRAL,358
202662,CENTRAL,48
201972,BODEGA ZONA 12,338
203760,BODEGA MIXCO,81
200330,BODEGA ZONA 12,226
201342,BODEGA MIXCO,134
202811,CENTRAL,12
202542,BODEGA MIXCO,36
202172,SUCURSAL NORTE,374
202881,SUCURSAL SUR,37
202862,BODEGA ZONA 12,233
202384,BODEGA ZONA 12,90
203261,BODEGA MIXCO,154
203596,SUCURSAL NORTE,15
201355,SUCURSAL NORTE,379
200115,CENTRAL,414
203823,SUCURSAL SUR,321
202920,CENTRAL,293
203864,BODEGA MIXCO,481
202092,BODEGA MIXCO,414
202125,CENTRAL,83
202699,CENTRAL,454
203594,SUCURSAL NORTE,0
201687,SUCURSAL SUR,355
200225,BODEGA MIXCO,187
204076,SUCURSAL SUR,397
201026,SUCURSAL SUR,19
203983,SUCURSAL NORTE,316
203042,BODEGA ZONA 12,22
203518,SUCURSAL SUR,472
200846,SUCURSAL SUR,195
203866,SUCURSAL SUR,191
200520,CENTRAL,98
200816,BODEGA ZONA 12,138
201005,CENTRAL,327
201924,CENTRAL,112
201618,SUCURSAL SUR,52
201097,BODEGA MIXCO,314
200724,CENTRAL,230
203507,SUCURSAL SUR,290
203333,SUCURSAL SUR,497
201228,SUCURSAL NORTE,157
203938,BODEGA ZONA 12,33
203922,BODEGA MIXCO,415
200820,CENTRAL,113
201385,SUCURSAL NORTE,471
201721,SUCURSAL NORTE,453
202471,SUCURSAL NORTE,42
203662,BODEGA ZONA 12,115
203073,BODEGA MIXCO,368
203684,SUCURSAL NORTE,315
201453,BODEGA ZONA 12,216
202025,SUCURSAL NORTE,254
201461,CENTRAL,277
203670,SUCURSAL SUR,274
203070,CENTRAL,366
204048,SUCURSAL NORTE,491
200112,CENTRAL,127
201238,CENTRAL,268
202785,SUCURSAL SUR,165
203301,BODEGA ZONA 12,110
200804,SUCURSAL NORTE,378
200191,BODEGA MIXCO,141
202645,BODEGA MIXCO,342
203306,CENTRAL,137
203905,SUCURSAL NORTE,468
202297,CENTRAL,408
202214,SUCURSAL SUR,117
200285,SUCURSAL SUR,159
202708,SUCURSAL SUR,497
202332,BODEGA ZONA 12,186
203140,SUCURSAL NORTE,110
200214,SUCURSAL NORTE,481
202543,CENTRAL,179
203629,BODEGA ZONA 12,189
202052,BODEGA ZONA 12,180
203215,CENTRAL,436
200631,CENTRAL,215
201932,BODEGA MIXCO,480
201189,CENTRAL,455
200452,SUCURSAL NORTE,341
200557,BODEGA ZONA 12,269
202213,SUCURSAL SUR,51
202685,BODEGA MIXCO,15
203551,CENTRAL,48
203353,SUCURSAL SUR,402
200607,SUCURSAL NORTE,190
200418,CENTRAL,129
202958,BODEGA MIXCO,334
202806,SUCURSAL NORTE,313
203717,BODEGA ZONA 12,258
203019,SUCURSAL SUR,469
201505,BODEGA ZONA 12,181
203436,BODEGA MIXCO,322
203017,BODEGA MIXCO,31
201545,CENTRAL,462
200361,CENTRAL,140
200763,SUCURSAL SUR,72
201183,SUCURSAL SUR,305
202943,CENTRAL,176
202511,SUCURSAL NORTE,219
201317,BODEGA MIXCO,284
200227,BODEGA MIXCO,436
204053,SUCURSAL SUR,328
200853,SUCURSAL SUR,149
200740,CENTRAL,268
201165,BODEGA ZONA 12,335
200460,CENTRAL,475
203449,SUCURSAL NORTE,255
203555,CENTRAL,45
203640,SUCURSAL NORTE,317
200499,SUCURSAL NORTE,440
202289,CENTRAL,415
200099,BODEGA MIXCO,337
202597,SUCURSAL NORTE,215
201083,BODEGA MIXCO,239
200174,SUCURSAL NORTE,203
202432,CENTRAL,265
202957,SUCURSAL NORTE,40
201112,BODEGA MIXCO,308
200046,SUCURSAL NORTE,275
203200,BODEGA MIXCO,215
202819,SUCURSAL NORTE,351
202168,CENTRAL,424
202229,SUCURSAL NORTE,456
203087,SUCURSAL SUR,213
201878,SUCURSAL SUR,352
200818,BODEGA MIXCO,371
200069,CENTRAL,371
201484,SUCURSAL SUR,295
203447,BODEGA ZONA 12,330
202726,CENTRAL,293
204010,BODEGA MIXCO,426
200611,BODEGA ZONA 12,-1
200038,SUCURSAL SUR,-1
200746,SUCURSAL SUR,375
203788,BODEGA ZONA 12,8
200753,SUCURSAL NORTE,24
200238,SUCURSAL NORTE,482
202764,BODEGA MIXCO,46
200364,SUCURSAL NORTE,498
201938,BODEGA ZONA 12,253
202072,SUCURSAL NORTE,328
204066,CENTRAL,102
200687,SUCURSAL SUR,358
201547,CENTRAL,368
202656,CENTRAL,306
201580,BODEGA ZONA 12,493
200157,BODEGA MIXCO,286
200410,BODEGA ZONA 12,209
201967,SUCURSAL SUR,379
200153,BODEGA MIXCO,393
203047,SUCURSAL NORTE,355
202365,SUCURSAL NORTE,18
200514,BODEGA ZONA 12,159
203582,CENTRAL,216
202374,SUCURSAL SUR,90
201541,CENTRAL,314
202711,CENTRAL,288
200107,SUCURSAL NORTE,430
203144,BODEGA MIXCO,132
200911,SUCURSAL SUR,250
202848,BODEGA MIXCO,481
200111,SUCURSAL SUR,434
202700,SUCURSAL SUR,347
200249,CENTRAL,54
203944,CENTRAL,324
203616,BODEGA MIXCO,62
203106,BODEGA ZONA 12,61
203946,SUCURSAL SUR,10
203732,BODEGA MIXCO,500
203821,SUCURSAL NORTE,252
203942,SUCURSAL SUR,476
202796,BODEGA MIXCO,73
202426,BODEGA ZONA 12,45
202776,SUCURSAL NORTE,478
200308,SUCURSAL SUR,362
201855,CENTRAL,445
200471,SUCURSAL NORTE,23
203359,BODEGA ZONA 12,241
202253,BODEGA MIXCO,264
203903,CENTRAL,155
200212,BODEGA ZONA 12,396
202372,SUCURSAL NORTE,443
201255,BODEGA MIXCO,37
202802,SUCURSAL NORTE,481
203534,SUCURSAL SUR,28
200875,CENTRAL,313
200679,CENTRAL,444
202907,CENTRAL,142
202513,CENTRAL,459
200932,CENTRAL,23
204006,BODEGA MIXCO,249
200748,SUCURSAL SUR,498
203742,BODEGA ZONA 12,265
203103,BODEGA ZONA 12,313
203691,SUCURSAL SUR,391
201997,CENTRAL,335
203737,SUCURSAL SUR,80
202157,SUCURSAL NORTE,374
200447,BODEGA MIXCO,300
203489,SUCURSAL SUR,456
200714,BODEGA ZONA 12,34
203500,SUCURSAL SUR,26
200129,BODEGA MIXCO,25
200854,SUCURSAL NORTE,218
200578,SUCURSAL SUR,12
200237,BODEGA MIXCO,395
202851,CENTRAL,423
200850,BODEGA MIXCO,174
203081,SUCURSAL SUR,195
202040,BODEGA ZONA 12,45
200015,SUCURSAL NORTE,163
203857,BODEGA ZONA 12,284
200064,SUCURSAL NORTE,292
200905,BODEGA MIXCO,136
201852,SUCURSAL NORTE,415
200263,CENTRAL,500
202069,BODEGA MIXCO,215
201517,BODEGA MIXCO,101
200669,CENTRAL,225
200598,SUCURSAL SUR,280
200513,BODEGA ZONA 12,460
200619,CENTRAL,463
200530,SUCURSAL SUR,393
200003,BODEGA MIXCO,399
201412,SUCURSAL NORTE,364
201869,BODEGA MIXCO,72
203932,BODEGA MIXCO,357
202285,SUCURSAL NORTE,119
201314,CENTRAL,476
200665,SUCURSAL NORTE,5
201117,BODEGA ZONA 12,56
202420,CENTRAL,384
203639,CENTRAL,393
203157,BODEGA MIXCO,241
200776,CENTRAL,83
200868,BODEGA ZONA 12,498
202865,CENTRAL,305
202807,CENTRAL,491
201226,BODEGA ZONA 12,71
201220,BODEGA MIXCO,30
201378,SUCURSAL SUR,477
201418,CENTRAL,499
203217,SUCURSAL SUR,186
202533,SUCURSAL SUR,489
203512,CENTRAL,173
202613,CENTRAL,85
202600,BODEGA MIXCO,12
200306,BODEGA ZONA 12,365
201612,SUCURSAL SUR,243
201862,BODEGA ZONA 12,359
200896,BODEGA ZONA 12,352
201033,SUCURSAL NORTE,389
202286,CENTRAL,139
200834,BODEGA MIXCO,304
202765,CENTRAL,256
201760,CENTRAL,63
202888,BODEGA ZONA 12,210
202739,CENTRAL,214
203975,CENTRAL,392
202527,BODEGA MIXCO,168
202436,BODEGA ZONA 12,445
203595,BODEGA MIXCO,78
202173,CENTRAL,249
200821,CENTRAL,86
201883,SUCURSAL NORTE,-1
203452,CENTRAL,329
201605,SUCURSAL SUR,293
201441,SUCURSAL SUR,258
201623,SUCURSAL SUR,281
204005,SUCURSAL NORTE,168
201488,BODEGA MIXCO,197
201164,SUCURSAL NORTE,382
200443,BODEGA MIXCO,58
204072,SUCURSAL NORTE,285
202703,SUCURSAL NORTE,0
203035,SUCURSAL SUR,70
200094,SUCURSAL SUR,308
201738,BODEGA ZONA 12,164
203656,BODEGA MIXCO,0
203641,BODEGA ZONA 12,308
200339,BODEGA ZONA 12,217
201372,BODEGA MIXCO,5
202270,SUCURSAL NORTE,451
201911,SUCURSAL SUR,110
203915,SUCURSAL SUR,403
201194,BODEGA MIXCO,199
202771,SUCURSAL SUR,256
202070,CENTRAL,230
203803,CENTRAL,154
201571,BODEGA ZONA 12,339
201048,BODEGA ZONA 12,421
200525,SUCURSAL SUR,10
201594,BODEGA MIXCO,286
200538,SUCURSAL SUR,35
202747,BODEGA MIXCO,48
202032,SUCURSAL SUR,284
203563,BODEGA MIXCO,266
203533,BODEGA MIXCO,108
203597,SUCURSAL SUR,197
203647,BODEGA MIXCO,430
202437,SUCURSAL SUR,-1
203934,SUCURSAL NORTE,336
203993,BODEGA ZONA 12,251
201067,BODEGA ZONA 12,0
200666,CENTRAL,372
200765,CENTRAL,124
200473,SUCURSAL NORTE,288
201172,BODEGA ZONA 12,206
200616,CENTRAL,0
200727,SUCURSAL SUR,281
202640,BODEGA ZONA 12,83
200108,SUCURSAL SUR,61
203096,BODEGA ZONA 12,293
202484,BODEGA ZONA 12,23
202971,CENTRAL,112
200532,CENTRAL,499
202242,SUCURSAL SUR,23
202936,SUCURSAL NORTE,278
204080,BODEGA ZONA 12,479
203676,BODEGA MIXCO,285
202056,BODEGA ZONA 12,-10
202578,SUCURSAL SUR,36
200130,SUCURSAL SUR,394
203863,SUCURSAL NORTE,58
202065,BODEGA ZONA 12,460
201973,BODEGA MIXCO,132
201369,SUCURSAL NORTE,97
201809,SUCURSAL SUR,144
201254,SUCURSAL NORTE,489
203698,SUCURSAL NORTE,27
203566,SUCURSAL NORTE,220
201004,SUCURSAL SUR,126
201497,SUCURSAL NORTE,480
200862,SUCURSAL NORTE,100
203320,BODEGA MIXCO,232
202287,CENTRAL,2
200608,BODEGA ZONA 12,487
203072,CENTRAL,279
202547,SUCURSAL NORTE,121
202712,CENTRAL,245
200388,BODEGA ZONA 12,467
200079,BODEGA MIXCO,456
202714,BODEGA MIXCO,387
202661,CENTRAL,98
200260,BODEGA MIXCO,372
203781,BODEGA MIXCO,95
202581,CENTRAL,303
203221,SUCURSAL NORTE,18
203363,BODEGA ZONA 12,167
202895,SUCURSAL NORTE,418
201201,SUCURSAL SUR,261
202855,BODEGA MIXCO,376
201204,BODEGA ZONA 12,476
202961,SUCURSAL SUR,64
201861,BODEGA ZONA 12,357
202271,BODEGA ZONA 12,81
201099,CENTRAL,4
203247,BODEGA ZONA 12,149
201927,CENTRAL,112
201421,BODEGA ZONA 12,405
200216,BODEGA ZONA 12,55
201185,BODEGA ZONA 12,73
202444,BODEGA ZONA 12,354
202278,BODEGA MIXCO,359
202927,CENTRAL,433
202491,CENTRAL,198
202284,CENTRAL,252
203220,SUCURSAL SUR,209
203046,BODEGA ZONA 12,199
201144,SUCURSAL NORTE,53
201811,CENTRAL,272
201216,SUCURSAL NORTE,406
203586,CENTRAL,108
201670,BODEGA ZONA 12,56
200087,SUCURSAL NORTE,478
203464,BODEGA ZONA 12,-10
200540,BODEGA ZONA 12,334
201893,BODEGA MIXCO,303
201192,BODEGA MIXCO,284
200650,BODEGA MIXCO,499
201995,BODEGA MIXCO,267
202375,BODEGA ZONA 12,332
202869,SUCURSAL NORTE,173
200781,BODEGA MIXCO,68
203213,BODEGA ZONA 12,436
203521,SUCURSAL SUR,123
203067,BODEGA MIXCO,144
203768,SUCURSAL NORTE,109
201401,BODEGA MIXCO,344
201320,BODEGA ZONA 12,409
202901,SUCURSAL NORTE,127
204071,BODEGA MIXCO,379
203416,BODEGA MIXCO,125
203604,BODEGA MIXCO,252
203179,BODEGA MIXCO,345
202556,BODEGA MIXCO,479
201123,SUCURSAL SUR,397
204067,SUCURSAL SUR,219
203852,BODEGA ZONA 12,253
202979,SUCURSAL NORTE,436
200527,BODEGA ZONA 12,221
202517,CENTRAL,233
200154,BODEGA ZONA 12,473
200072,SUCURSAL NORTE,293
201716,CENTRAL,378
201131,CENTRAL,370
202823,SUCURSAL SUR,154
204074,BODEGA ZONA 12,0
204001,BODEGA MIXCO,421
200257,CENTRAL,85
202766,BODEGA ZONA 12,195
201318,BODEGA ZONA 12,256
203602,SUCURSAL SUR,352
203207,SUCURSAL SUR,106
201392,CENTRAL,187
200213,SUCURSAL NORTE,123
200200,BODEGA MIXCO,110
203999,SUCURSAL NORTE,457
203272,BODEGA ZONA 12,251
204034,SUCURSAL NORTE,479
200581,BODEGA ZONA 12,452
203648,CENTRAL,373
202234,BODEGA ZONA 12,484
202756,SUCURSAL SUR,307
203372,BODEGA ZONA 12,448
202859,BODEGA ZONA 12,126
200959,SUCURSAL NORTE,17
201551,CENTRAL,413
201445,SUCURSAL SUR,472
200337,SUCURSAL NORTE,38
203230,SUCURSAL SUR,375
203382,SUCURSAL SUR,472
201432,BODEGA MIXCO,18
201068,BODEGA MIXCO,78
201387,BODEGA ZONA 12,149
202820,BODEGA MIXCO,64
202472,BODEGA MIXCO,328
203463,BODEGA MIXCO,315
200554,BODEGA ZONA 12,62
201914,BODEGA ZONA 12,49
200597,CENTRAL,0
200173,CENTRAL,-1
202366,CENTRAL,342
203871,SUCURSAL NORTE,218
200229,SUCURSAL SUR,395
200255,BODEGA MIXCO,474
203110,SUCURSAL SUR,490
202433,BODEGA ZONA 12,44
200302,BODEGA ZONA 12,319
200929,SUCURSAL SUR,241
200716,CENTRAL,203
202995,CENTRAL,153
201829,BODEGA ZONA 12,7
202668,SUCURSAL SUR,411
204068,BODEGA MIXCO,400
202376,SUCURSAL SUR,266
202996,SUCURSAL SUR,272
201018,CENTRAL,442
203898,BODEGA ZONA 12,402
203906,CENTRAL,348
201818,SUCURSAL NORTE,-1
201308,BODEGA MIXCO,61
201528,CENTRAL,306
203367,SUCURSAL NORTE,349
201615,SUCURSAL NORTE,113
202077,SUCURSAL NORTE,185
201093,BODEGA MIXCO,398
201074,BODEGA MIXCO,50
201108,SUCURSAL SUR,294
202828,SUCURSAL NORTE,71
203726,BODEGA ZONA 12,106
203296,CENTRAL,492
202100,CENTRAL,60
203820,CENTRAL,307
200359,BODEGA MIXCO,352
200968,SUCURSAL NORTE,156
200628,SUCURSAL NORTE,232
203431,BODEGA MIXCO,93
203730,SUCURSAL SUR,123
202999,SUCURSAL SUR,221
200625,BODEGA ZONA 12,123
203170,BODEGA MIXCO,71
200951,SUCURSAL NORTE,393
203163,SUCURSAL SUR,419
202386,SUCURSAL SUR,302
201276,BODEGA MIXCO,230
200987,CENTRAL,347
201082,BODEGA MIXCO,471
200517,SUCURSAL NORTE,280
203759,SUCURSAL NORTE,385
202519,BODEGA ZONA 12,345
202180,BODEGA ZONA 12,78
200259,BODEGA ZONA 12,59
200203,BODEGA MIXCO,343
202838,SUCURSAL SUR,113
200839,BODEGA ZONA 12,342
201388,CENTRAL,111
202649,SUCURSAL NORTE,355
203281,SUCURSAL SUR,28
202587,SUCURSAL SUR,28
202736,SUCURSAL SUR,164
202204,CENTRAL,422
202592,SUCURSAL NORTE,335
201850,CENTRAL,498
200604,BODEGA ZONA 12,496
203876,BODEGA MIXCO,39
201009,BODEGA MIXCO,451
203879,SUCURSAL SUR,391
201010,CENTRAL,110
202424,CENTRAL,460
201039,CENTRAL,281
200620,BODEGA ZONA 12,256
203939,SUCURSAL NORTE,406
203417,SUCURSAL SUR,319
200253,BODEGA ZONA 12,21
200369,SUCURSAL SUR,31
203713,CENTRAL,111
200577,SUCURSAL NORTE,135
202257,SUCURSAL NORTE,152
202808,CENTRAL,331
203762,SUCURSAL SUR,292
202665,SUCURSAL NORTE,204
202152,BODEGA MIXCO,448
201482,SUCURSAL NORTE,278
200805,SUCURSAL NORTE,68
203966,CENTRAL,15
201786,SUCURSAL NORTE,281
201742,BODEGA ZONA 12,37
202028,BODEGA MIXCO,88
203264,SUCURSAL NORTE,0
202221,BODEGA MIXCO,322
203886,CENTRAL,451
203158,SUCURSAL SUR,193
201735,SUCURSAL SUR,98
203461,BODEGA MIXCO,496
200381,BODEGA ZONA 12,156
202982,BODEGA MIXCO,133
203771,BODEGA ZONA 12,95
202299,CENTRAL,7
203302,SUCURSAL NORTE,355
203865,SUCURSAL NORTE,80
201647,CENTRAL,150
201795,SUCURSAL SUR,219
201042,CENTRAL,337
203061,BODEGA ZONA 12,244
203393,BODEGA ZONA 12,264
200653,SUCURSAL SUR,287
203335,BODEGA ZONA 12,90
202990,BODEGA ZONA 12,116
201984,SUCURSAL SUR,426
203074,SUCURSAL NORTE,-10
202793,BODEGA MIXCO,435
200251,BODEGA MIXCO,316
201211,CENTRAL,349
201674,BODEGA ZONA 12,-1
201885,SUCURSAL SUR,468
204052,SUCURSAL NORTE,278
202262,SUCURSAL SUR,132
202441,SUCURSAL SUR,276
203328,BODEGA MIXCO,142
200343,BODEGA MIXCO,101
201682,BODEGA ZONA 12,336
202681,CENTRAL,197
202917,BODEGA ZONA 12,124
200918,SUCURSAL NORTE,136
200907,CENTRAL,236
202507,SUCURSAL SUR,36
203611,CENTRAL,87
204007,BODEGA ZONA 12,410
203159,CENTRAL,452
200096,BODEGA ZONA 12,325
202370,BODEGA MIXCO,18
202652,BODEGA MIXCO,23
202846,BODEGA MIXCO,149
202790,SUCURSAL SUR,451
201230,SUCURSAL SUR,361
201952,CENTRAL,209
200284,BODEGA ZONA 12,-1
200830,BODEGA ZONA 12,431
203980,SUCURSAL SUR,348
202795,SUCURSAL NORTE,447
203858,BODEGA ZONA 12,225
201278,SUCURSAL SUR,280
202110,BODEGA MIXCO,443
202647,BODEGA MIXCO,176
202884,SUCURSAL SUR,248
203262,SUCURSAL SUR,86
200278,SUCURSAL SUR,159
202671,BODEGA ZONA 12,352
202041,BODEGA MIXCO,289
203219,BODEGA MIXCO,251
203824,SUCURSAL NORTE,464
202492,SUCURSAL SUR,262
203536,SUCURSAL SUR,71
202989,BODEGA ZONA 12,455
200236,SUCURSAL NORTE,0
201170,BODEGA MIXCO,204
200187,BODEGA MIXCO,447
201016,BODEGA MIXCO,34
202509,CENTRAL,105
200841,BODEGA MIXCO,204
200348,CENTRAL,207
200483,SUCURSAL SUR,185
201479,CENTRAL,193
200662,SUCURSAL SUR,102
202965,BODEGA MIXCO,97
203231,BODEGA ZONA 12,431
202317,BODEGA MIXCO,299
202873,BODEGA ZONA 12,352
201943,SUCURSAL NORTE,330
203097,SUCURSAL SUR,197
203259,SUCURSAL SUR,97
200420,SUCURSAL SUR,457
203904,SUCURSAL SUR,373
200639,BODEGA MIXCO,367
202034,SUCURSAL SUR,301
201480,SUCURSAL SUR,261
201079,SUCURSAL SUR,420
202916,SUCURSAL NORTE,465
200787,SUCURSAL SUR,367
201764,BODEGA ZONA 12,7
201066,BODEGA MIXCO,14
202998,SUCURSAL NORTE,332
203945,SUCURSAL SUR,0
202145,BODEGA ZONA 12,126
202746,SUCURSAL NORTE,15
202343,CENTRAL,110
201344,SUCURSAL NORTE,123
204047,SUCURSAL NORTE,405
203422,CENTRAL,338
200760,BODEGA MIXCO,81
201713,SUCURSAL NORTE,128
203899,SUCURSAL NORTE,161
201060,BODEGA MIXCO,230
203085,SUCURSAL SUR,241
202933,BODEGA MIXCO,388
202457,BODEGA MIXCO,455
203005,SUCURSAL SUR,273
203883,CENTRAL,412
203873,BODEGA MIXCO,303
203888,SUCURSAL SUR,3
201508,BODEGA MIXCO,491
202930,BODEGA ZONA 12,45
202704,BODEGA ZONA 12,330
200436,BODEGA ZONA 12,-10
202692,CENTRAL,375
203508,BODEGA MIXCO,83
203166,BODEGA MIXCO,414
201237,BODEGA ZONA 12,111
203559,SUCURSAL SUR,128
202329,SUCURSAL NORTE,297
203263,SUCURSAL NORTE,202
201159,BODEGA ZONA 12,101
200044,BODEGA ZONA 12,405
202108,BODEGA ZONA 12,323
203241,CENTRAL,309
203790,CENTRAL,270
204069,BODEGA ZONA 12,245
201598,BODEGA MIXCO,253
201360,BODEGA MIXCO,180
201258,BODEGA MIXCO,76
200550,SUCURSAL NORTE,138
201146,BODEGA MIXCO,407
203352,CENTRAL,87
200965,BODEGA MIXCO,409
200912,BODEGA ZONA 12,181
202791,SUCURSAL SUR,214
201359,SUCURSAL NORTE,431
201351,BODEGA ZONA 12,353
200516,CENTRAL,444
200761,SUCURSAL NORTE,384
201400,SUCURSAL SUR,462
200564,SUCURSAL NORTE,343
201361,SUCURSAL SUR,494
200703,SUCURSAL NORTE,354
202330,BODEGA ZONA 12,294
203145,CENTRAL,-10
200591,SUCURSAL SUR,262
202759,BODEGA ZONA 12,114
202713,CENTRAL,286
200863,SUCURSAL NORTE,460
202639,SUCURSAL SUR,444
201815,SUCURSAL SUR,330
203919,CENTRAL,463
200544,BODEGA ZONA 12,399
201032,SUCURSAL SUR,390
203095,SUCURSAL SUR,306
200774,CENTRAL,-10
200001,SUCURSAL NORTE,208
200770,SUCURSAL NORTE,186
203623,BODEGA MIXCO,345
201207,BODEGA ZONA 12,424
201444,BODEGA MIXCO,42
202595,CENTRAL,399
202626,CENTRAL,170
201394,BODEGA MIXCO,149
201209,BODEGA MIXCO,483
201147,BODEGA MIXCO,451
203557,BODEGA ZONA 12,128
202147,BODEGA ZONA 12,193
202636,BODEGA ZONA 12,244
203040,SUCURSAL SUR,313
201921,CENTRAL,27
203831,SUCURSAL SUR,482
201677,SUCURSAL SUR,310
202834,BODEGA ZONA 12,57
201991,BODEGA MIXCO,393
202489,SUCURSAL NORTE,231
200298,SUCURSAL NORTE,500
200055,BODEGA MIXCO,189
200908,BODEGA MIXCO,420
201773,SUCURSAL NORTE,82
201573,SUCURSAL NORTE,250
203234,BODEGA ZONA 12,279
200332,SUCURSAL SUR,270
202430,BODEGA ZONA 12,440
200675,SUCURSAL NORTE,194
201507,SUCURSAL SUR,500
202391,SUCURSAL SUR,96
202839,BODEGA MIXCO,412
202948,BODEGA ZONA 12,500
202584,BODEGA ZONA 12,450
202480,CENTRAL,324
201843,SUCURSAL NORTE,166
201285,BODEGA MIXCO,393
203438,BODEGA ZONA 12,319
201595,SUCURSAL NORTE,305
201683,BODEGA ZONA 12,137
200629,SUCURSAL NORTE,483
202363,CENTRAL,40
203065,BODEGA MIXCO,392
203297,SUCURSAL SUR,176
203619,CENTRAL,171
202202,SUCURSAL SUR,395
203099,BODEGA ZONA 12,180
202744,SUCURSAL NORTE,321
202360,SUCURSAL SUR,0
203218,BODEGA MIXCO,310
200325,BODEGA ZONA 12,176
202922,SUCURSAL NORTE,372
201509,SUCURSAL SUR,345
200758,BODEGA MIXCO,42
200917,SUCURSAL SUR,412
203850,BODEGA ZONA 12,371
202789,SUCURSAL NORTE,448
203957,BODEGA ZONA 12,406
202133,BODEGA ZONA 12,380
201902,SUCURSAL SUR,112
202055,CENTRAL,318
203240,BODEGA MIXCO,498
203453,BODEGA ZONA 12,129
201871,BODEGA ZONA 12,304
200178,BODEGA MIXCO,468
201692,CENTRAL,289
202852,BODEGA MIXCO,13
200331,BODEGA MIXCO,81
200467,BODEGA MIXCO,158
202102,BODEGA ZONA 12,224
203569,CENTRAL,377
200374,BODEGA MIXCO,103
202950,BODEGA MIXCO,330
203148,BODEGA MIXCO,288
200407,BODEGA ZONA 12,67
200757,SUCURSAL NORTE,413
203181,BODEGA MIXCO,374
203725,SUCURSAL NORTE,252
203089,BODEGA MIXCO,276
202094,CENTRAL,152
200699,SUCURSAL NORTE,121
200574,BODEGA MIXCO,349
203036,SUCURSAL SUR,61
200268,CENTRAL,133
200582,SUCURSAL NORTE,220
201299,BODEGA MIXCO,272
201726,CENTRAL,220
202019,SUCURSAL SUR,58
201475,SUCURSAL SUR,405
203292,CENTRAL,76
200783,BODEGA MIXCO,417
200449,SUCURSAL NORTE,101
201218,SUCURSAL NORTE,412
203336,BODEGA ZONA 12,484
200156,CENTRAL,496
202001,CENTRAL,250
201627,BODEGA ZONA 12,248
203450,CENTRAL,461
200522,CENTRAL,402
200329,SUCURSAL NORTE,184
200747,CENTRAL,379
203467,SUCURSAL NORTE,432
200726,SUCURSAL NORTE,424
202486,BODEGA MIXCO,8
201890,CENTRAL,449
203108,BODEGA MIXCO,484
201613,BODEGA ZONA 12,144
201050,CENTRAL,360
201347,SUCURSAL NORTE,311
202403,BODEGA MIXCO,397
201842,SUCURSAL NORTE,74
201456,CENTRAL,236
202669,BODEGA MIXCO,479
202912,CENTRAL,194
203476,SUCURSAL SUR,375
202449,BODEGA MIXCO,278
203856,BODEGA ZONA 12,449
200084,CENTRAL,498
203660,SUCURSAL SUR,241
203783,SUCURSAL SUR,203
203643,BODEGA MIXCO,217
200392,SUCURSAL NORTE,154
203167,SUCURSAL SUR,235
201784,SUCURSAL NORTE,33
203799,CENTRAL,401
203996,BODEGA ZONA 12,187
200861,SUCURSAL SUR,345
201877,BODEGA MIXCO,98
201352,BODEGA ZONA 12,434
203655,SUCURSAL SUR,269
200858,BODEGA ZONA 12,387
200877,BODEGA MIXCO,333
203488,CENTRAL,194
201246,BODEGA ZONA 12,137
200569,SUCURSAL SUR,455
201819,SUCURSAL NORTE,49
201840,BODEGA MIXCO,0
201434,CENTRAL,305
200488,SUCURSAL NORTE,408
202212,BODEGA MIXCO,289
203842,CENTRAL,160
200323,BODEGA MIXCO,22
202558,BODEGA ZONA 12,292
202082,SUCURSAL NORTE,341
203284,SUCURSAL SUR,133
200617,CENTRAL,176
201184,BODEGA ZONA 12,475
202783,BODEGA MIXCO,200
203680,BODEGA ZONA 12,400
201367,CENTRAL,9
200314,CENTRAL,307
201577,BODEGA MIXCO,161
203502,SUCURSAL NORTE,158
204079,BODEGA ZONA 12,143
202378,BODEGA ZONA 12,294
200344,CENTRAL,151
202861,SUCURSAL SUR,455
202245,BODEGA ZONA 12,412
201675,SUCURSAL SUR,373
200492,CENTRAL,235
200701,CENTRAL,115
202189,SUCURSAL NORTE,97
202250,SUCURSAL SUR,357
203825,SUCURSAL SUR,280
204093,BODEGA MIXCO,449
201415,CENTRAL,337
203077,SUCURSAL SUR,132
201868,SUCURSAL SUR,360
201153,CENTRAL,179
201841,BODEGA MIXCO,355
204091,SUCURSAL SUR,438
200405,BODEGA ZONA 12,137
200778,CENTRAL,-10
203950,SUCURSAL SUR,387
202637,SUCURSAL NORTE,346
202709,SUCURSAL SUR,110
202079,BODEGA MIXCO,212
200692,SUCURSAL SUR,408
203317,BODEGA ZONA 12,362
200786,SUCURSAL NORTE,274
202646,SUCURSAL NORTE,196
200349,SUCURSAL SUR,24
203804,BODEGA ZONA 12,216
200025,BODEGA ZONA 12,312
200262,BODEGA MIXCO,269
200076,BODEGA ZONA 12,469
202042,BODEGA MIXCO,91
200485,BODEGA MIXCO,485
202742,CENTRAL,189
202973,SUCURSAL NORTE,152
203554,SUCURSAL SUR,168
201849,SUCURSAL SUR,271
201193,BODEGA ZONA 12,352
202275,SUCURSAL SUR,325
200710,SUCURSAL SUR,265
203119,BODEGA MIXCO,225
203162,BODEGA ZONA 12,392
201769,CENTRAL,74
201993,SUCURSAL SUR,266
200904,SUCURSAL SUR,95
200205,SUCURSAL SUR,99
202007,BODEGA ZONA 12,91
200444,BODEGA MIXCO,443
202280,BODEGA MIXCO,433
201800,CENTRAL,16
201553,BODEGA MIXCO,352
202847,BODEGA MIXCO,187
203907,BODEGA MIXCO,282
203391,CENTRAL,-1
201058,SUCURSAL NORTE,437
200145,BODEGA ZONA 12,362
200395,CENTRAL,221
202566,BODEGA MIXCO,443
203493,BODEGA MIXCO,481
202870,SUCURSAL SUR,497
201096,SUCURSAL NORTE,109
201830,BODEGA MIXCO,259
203129,SUCURSAL SUR,145
203402,SUCURSAL NORTE,237
203874,SUCURSAL SUR,315
200502,SUCURSAL NORTE,398
201651,SUCURSAL SUR,489
202476,SUCURSAL NORTE,169
201065,BODEGA MIXCO,251
201516,SUCURSAL NORTE,67
200690,SUCURSAL SUR,223
201140,BODEGA MIXCO,199
203392,BODEGA MIXCO,72
201835,BODEGA ZONA 12,392
203418,BODEGA ZONA 12,348
201366,SUCURSAL SUR,31
201620,BODEGA MIXCO,181
203895,BODEGA ZONA 12,418
200370,SUCURSAL SUR,342
200051,BODEGA ZONA 12,257
200866,BODEGA ZONA 12,130
201728,BODEGA MIXCO,176
203609,CENTRAL,35
202337,BODEGA MIXCO,427
200556,BODEGA MIXCO,24
203173,SUCURSAL SUR,158
202310,SUCURSAL NORTE,152
203161,SUCURSAL SUR,259
200988,CENTRAL,263
200495,SUCURSAL SUR,33
203847,CENTRAL,386
201510,SUCURSAL SUR,156
203368,SUCURSAL NORTE,208
203961,BODEGA MIXCO,150
202919,CENTRAL,308
201604,SUCURSAL SUR,236
202672,BODEGA ZONA 12,161
204061,SUCURSAL SUR,160
203406,SUCURSAL SUR,264
201756,CENTRAL,63
202272,SUCURSAL SUR,23
203884,BODEGA ZONA 12,351
202678,CENTRAL,308
201565,BODEGA ZONA 12,15
200133,BODEGA MIXCO,125
201974,BODEGA ZONA 12,233
201370,BODEGA MIXCO,494
203636,SUCURSAL SUR,170
202868,SUCURSAL SUR,435
200110,CENTRAL,224
200035,BODEGA MIXCO,129
201619,CENTRAL,51
203028,CENTRAL,290
202176,BODEGA MIXCO,132
203260,SUCURSAL SUR,110
200537,BODEGA MIXCO,303
202387,BODEGA ZONA 12,120
200718,BODEGA MIXCO,320
201550,BODEGA ZONA 12,152
200936,SUCURSAL NORTE,491
200737,BODEGA MIXCO,125
201639,CENTRAL,211
201449,SUCURSAL SUR,171
201954,SUCURSAL NORTE,444
202171,CENTRAL,278
201167,SUCURSAL SUR,37
200479,BODEGA MIXCO,332
201120,CENTRAL,179
201142,BODEGA MIXCO,124
203969,SUCURSAL SUR,292
200081,BODEGA ZONA 12,284
201217,BODEGA ZONA 12,255
203123,BODEGA ZONA 12,135
202239,SUCURSAL SUR,158
202599,SUCURSAL NORTE,88
200504,SUCURSAL SUR,295
201520,BODEGA ZONA 12,148
200010,BODEGA ZONA 12,320
201423,CENTRAL,207
202910,BODEGA ZONA 12,473
201243,SUCURSAL NORTE,72
202567,CENTRAL,189
202428,CENTRAL,170
203137,BODEGA ZONA 12,193
202395,BODEGA ZONA 12,210
200146,SUCURSAL NORTE,-10
201988,SUCURSAL SUR,160
201831,SUCURSAL SUR,437
203013,SUCURSAL NORTE,256
200509,BODEGA MIXCO,87
201485,BODEGA ZONA 12,447
203369,BODEGA MIXCO,171
201777,CENTRAL,156
202006,BODEGA MIXCO,340
201336,SUCURSAL SUR,246
203485,BODEGA MIXCO,6
200136,BODEGA MIXCO,259
203101,SUCURSAL SUR,349
202603,CENTRAL,429
201269,BODEGA MIXCO,132
203685,SUCURSAL SUR,111
202928,SUCURSAL SUR,325
200722,BODEGA ZONA 12,40
200012,BODEGA MIXCO,207
201872,SUCURSAL NORTE,408
203914,SUCURSAL NORTE,433
204082,SUCURSAL SUR,426
200186,CENTRAL,28
202494,SUCURSAL NORTE,92
201056,CENTRAL,481
202575,CENTRAL,449
203364,CENTRAL,481
201747,CENTRAL,285
203375,CENTRAL,135
201256,SUCURSAL NORTE,13
203408,BODEGA ZONA 12,82
203568,CENTRAL,347
200994,BODEGA ZONA 12,466
200496,CENTRAL,368
200472,CENTRAL,394
202688,BODEGA ZONA 12,341
200481,SUCURSAL SUR,384
203366,CENTRAL,38
200254,BODEGA ZONA 12,481
201642,SUCURSAL SUR,423
203814,CENTRAL,463
203009,BODEGA MIXCO,421
203807,CENTRAL,371
200091,BODEGA MIXCO,189
201335,CENTRAL,322
201560,SUCURSAL NORTE,304
200377,SUCURSAL SUR,403
200937,BODEGA MIXCO,95
200975,SUCURSAL NORTE,-1
201978,CENTRAL,33
200431,CENTRAL,263
202495,BODEGA ZONA 12,205
201958,BODEGA ZONA 12,448
200784,SUCURSAL NORTE,416
200406,BODEGA ZONA 12,295
201302,SUCURSAL NORTE,80
203388,SUCURSAL SUR,-1
201178,BODEGA ZONA 12,337
200183,CENTRAL,110
203672,SUCURSAL NORTE,-10
202118,CENTRAL,372
200615,BODEGA ZONA 12,81
203466,SUCURSAL NORTE,109
204013,BODEGA ZONA 12,374
202211,BODEGA ZONA 12,304
200119,SUCURSAL NORTE,87
200062,SUCURSAL NORTE,53
201375,BODEGA ZONA 12,449
200316,BODEGA ZONA 12,206
202402,BODEGA ZONA 12,226
203381,BODEGA MIXCO,479
203844,BODEGA MIXCO,224
202853,SUCURSAL NORTE,498
204041,BODEGA MIXCO,107
204043,SUCURSAL SUR,126
200807,SUCURSAL NORTE,109
201252,BODEGA MIXCO,67
200215,CENTRAL,352
202503,SUCURSAL NORTE,81
203699,SUCURSAL SUR,291
203122,SUCURSAL NORTE,54
204031,CENTRAL,220
203522,SUCURSAL NORTE,421
202307,CENTRAL,74
200867,BODEGA MIXCO,486
203543,CENTRAL,235
200312,SUCURSAL SUR,141
201538,CENTRAL,235
201451,BODEGA ZONA 12,366
201329,BODEGA MIXCO,467
203827,SUCURSAL NORTE,177
203322,SUCURSAL SUR,443
203446,SUCURSAL NORTE,20
202782,BODEGA MIXCO,394
203712,SUCURSAL NORTE,482
200466,BODEGA ZONA 12,282
201979,SUCURSAL SUR,164
201409,SUCURSAL NORTE,283
200233,SUCURSAL SUR,340
200934,BODEGA MIXCO,471
200600,BODEGA MIXCO,126
202419,SUCURSAL NORTE,47
201724,SUCURSAL SUR,408
203795,BODEGA ZONA 12,123
201662,CENTRAL,131
201898,SUCURSAL NORTE,439
203139,SUCURSAL NORTE,399
203985,SUCURSAL NORTE,309
203764,BODEGA ZONA 12,120
200288,SUCURSAL NORTE,126
204030,CENTRAL,95
202096,BODEGA ZONA 12,158
203312,SUCURSAL SUR,0
203789,BODEGA MIXCO,164
203395,BODEGA ZONA 12,364
202014,BODEGA MIXCO,266
200386,SUCURSAL SUR,104
201148,SUCURSAL SUR,166
203728,BODEGA MIXCO,140
200706,CENTRAL,396
203360,BODEGA ZONA 12,-10
200100,SUCURSAL NORTE,151
203974,CENTRAL,29
203894,BODEGA MIXCO,319
201912,BODEGA ZONA 12,331
